Response_ID,Item_ID,Section,Score
R001,DIV01,Workforce Diversity,5
R001,DIV02,Workforce Diversity,4
R001,DIV03,Workforce Diversity,5
R001,DIV04,Workforce Diversity,4
R001,DIV05,Workforce Diversity,5
R001,DIV06,Workforce Diversity,5
R001,DIV07,Workforce Diversity,5
R001,DIV08,Workforce Diversity,3
R001,DIV09,Workforce Diversity,5
R001,INC01,Inclusion Practices,5
R001,INC02,Inclusion Practices,4
R001,INC03,Inclusion Practices,5
R001,INC04,Inclusion Practices,5
R001,INC05,Inclusion Practices,5
R001,INC06,Inclusion Practices,5
R001,INC07,Inclusion Practices,5
R001,INC08,Inclusion Practices,4
R001,INC09,Inclusion Practices,4
R001,INC10,Inclusion Practices,4
R001,PERF01,Organizational Performance,4
R001,PERF02,Organizational Performance,4
R001,PERF03,Organizational Performance,5
R001,PERF04,Organizational Performance,4
R001,PERF05,Organizational Performance,5
R001,PERF06,Organizational Performance,4
R001,PERF07,Organizational Performance,5
R001,PERF08,Organizational Performance,5
R001,PERF09,Organizational Performance,4
R001,PERF10,Organizational Performance,5
R001,PERF11,Organizational Performance,4
R001,REL01,Relationship Assessment,5
R001,REL02,Relationship Assessment,4
R001,REL03,Relationship Assessment,4
R001,REL04,Relationship Assessment,4
R001,REL05,Relationship Assessment,5
R001,REL06,Relationship Assessment,5
R001,REL07,Relationship Assessment,4
R002,DIV01,Workforce Diversity,4
R002,DIV02,Workforce Diversity,4
R002,DIV03,Workforce Diversity,5
R002,DIV04,Workforce Diversity,5
R002,DIV05,Workforce Diversity,5
R002,DIV06,Workforce Diversity,4
R002,DIV07,Workforce Diversity,4
R002,DIV08,Workforce Diversity,3
R002,DIV09,Workforce Diversity,4
R002,INC01,Inclusion Practices,4
R002,INC02,Inclusion Practices,4
R002,INC03,Inclusion Practices,4
R002,INC04,Inclusion Practices,4
R002,INC05,Inclusion Practices,3
R002,INC06,Inclusion Practices,4
R002,INC07,Inclusion Practices,4
R002,INC08,Inclusion Practices,4
R002,INC09,Inclusion Practices,4
R002,INC10,Inclusion Practices,4
R002,PERF01,Organizational Performance,3
R002,PERF02,Organizational Performance,4
R002,PERF03,Organizational Performance,4
R002,PERF04,Organizational Performance,4
R002,PERF05,Organizational Performance,3
R002,PERF06,Organizational Performance,4
R002,PERF07,Organizational Performance,4
R002,PERF08,Organizational Performance,4
R002,PERF09,Organizational Performance,4
R002,PERF10,Organizational Performance,4
R002,PERF11,Organizational Performance,3
R002,REL01,Relationship Assessment,4
R002,REL02,Relationship Assessment,4
R002,REL03,Relationship Assessment,3
R002,REL04,Relationship Assessment,4
R002,REL05,Relationship Assessment,4
R002,REL06,Relationship Assessment,4
R002,REL07,Relationship Assessment,4
R003,DIV01,Workforce Diversity,4
R003,DIV02,Workforce Diversity,3
R003,DIV03,Workforce Diversity,3
R003,DIV04,Workforce Diversity,2
R003,DIV05,Workforce Diversity,4
R003,DIV06,Workforce Diversity,3
R003,DIV07,Workforce Diversity,4
R003,DIV08,Workforce Diversity,2
R003,DIV09,Workforce Diversity,4
R003,INC01,Inclusion Practices,3
R003,INC02,Inclusion Practices,2
R003,INC03,Inclusion Practices,3
R003,INC04,Inclusion Practices,2
R003,INC05,Inclusion Practices,2
R003,INC06,Inclusion Practices,3
R003,INC07,Inclusion Practices,5
R003,INC08,Inclusion Practices,3
R003,INC09,Inclusion Practices,3
R003,INC10,Inclusion Practices,3
R003,PERF01,Organizational Performance,2
R003,PERF02,Organizational Performance,4
R003,PERF03,Organizational Performance,4
R003,PERF04,Organizational Performance,4
R003,PERF05,Organizational Performance,2
R003,PERF06,Organizational Performance,2
R003,PERF07,Organizational Performance,5
R003,PERF08,Organizational Performance,5
R003,PERF09,Organizational Performance,3
R003,PERF10,Organizational Performance,5
R003,PERF11,Organizational Performance,5
R003,REL01,Relationship Assessment,3
R003,REL02,Relationship Assessment,3
R003,REL03,Relationship Assessment,4
R003,REL04,Relationship Assessment,4
R003,REL05,Relationship Assessment,3
R003,REL06,Relationship Assessment,3
R003,REL07,Relationship Assessment,3
R004,DIV01,Workforce Diversity,3
R004,DIV02,Workforce Diversity,3
R004,DIV03,Workforce Diversity,4
R004,DIV04,Workforce Diversity,4
R004,DIV05,Workforce Diversity,3
R004,DIV06,Workforce Diversity,4
R004,DIV07,Workforce Diversity,4
R004,DIV08,Workforce Diversity,2
R004,DIV09,Workforce Diversity,1
R004,INC01,Inclusion Practices,2
R004,INC02,Inclusion Practices,2
R004,INC03,Inclusion Practices,3
R004,INC04,Inclusion Practices,3
R004,INC05,Inclusion Practices,5
R004,INC06,Inclusion Practices,3
R004,INC07,Inclusion Practices,5
R004,INC08,Inclusion Practices,3
R004,INC09,Inclusion Practices,5
R004,INC10,Inclusion Practices,5
R004,PERF01,Organizational Performance,2
R004,PERF02,Organizational Performance,3
R004,PERF03,Organizational Performance,3
R004,PERF04,Organizational Performance,4
R004,PERF05,Organizational Performance,5
R004,PERF06,Organizational Performance,2
R004,PERF07,Organizational Performance,3
R004,PERF08,Organizational Performance,3
R004,PERF09,Organizational Performance,3
R004,PERF10,Organizational Performance,3
R004,PERF11,Organizational Performance,2
R004,REL01,Relationship Assessment,2
R004,REL02,Relationship Assessment,2
R004,REL03,Relationship Assessment,3
R004,REL04,Relationship Assessment,3
R004,REL05,Relationship Assessment,5
R004,REL06,Relationship Assessment,3
R004,REL07,Relationship Assessment,3
R005,DIV01,Workforce Diversity,4
R005,DIV02,Workforce Diversity,4
R005,DIV03,Workforce Diversity,3
R005,DIV04,Workforce Diversity,5
R005,DIV05,Workforce Diversity,5
R005,DIV06,Workforce Diversity,4
R005,DIV07,Workforce Diversity,3
R005,DIV08,Workforce Diversity,1
R005,DIV09,Workforce Diversity,3
R005,INC01,Inclusion Practices,2
R005,INC02,Inclusion Practices,5
R005,INC03,Inclusion Practices,4
R005,INC04,Inclusion Practices,4
R005,INC05,Inclusion Practices,5
R005,INC06,Inclusion Practices,3
R005,INC07,Inclusion Practices,4
R005,INC08,Inclusion Practices,5
R005,INC09,Inclusion Practices,4
R005,INC10,Inclusion Practices,4
R005,PERF01,Organizational Performance,3
R005,PERF02,Organizational Performance,4
R005,PERF03,Organizational Performance,5
R005,PERF04,Organizational Performance,4
R005,PERF05,Organizational Performance,4
R005,PERF06,Organizational Performance,5
R005,PERF07,Organizational Performance,5
R005,PERF08,Organizational Performance,5
R005,PERF09,Organizational Performance,4
R005,PERF10,Organizational Performance,4
R005,PERF11,Organizational Performance,5
R005,REL01,Relationship Assessment,4
R005,REL02,Relationship Assessment,4
R005,REL03,Relationship Assessment,5
R005,REL04,Relationship Assessment,4
R005,REL05,Relationship Assessment,5
R005,REL06,Relationship Assessment,5
R005,REL07,Relationship Assessment,4
R006,DIV01,Workforce Diversity,3
R006,DIV02,Workforce Diversity,4
R006,DIV03,Workforce Diversity,3
R006,DIV04,Workforce Diversity,4
R006,DIV05,Workforce Diversity,5
R006,DIV06,Workforce Diversity,4
R006,DIV07,Workforce Diversity,4
R006,DIV08,Workforce Diversity,2
R006,DIV09,Workforce Diversity,3
R006,INC01,Inclusion Practices,3
R006,INC02,Inclusion Practices,3
R006,INC03,Inclusion Practices,3
R006,INC04,Inclusion Practices,4
R006,INC05,Inclusion Practices,4
R006,INC06,Inclusion Practices,4
R006,INC07,Inclusion Practices,4
R006,INC08,Inclusion Practices,3
R006,INC09,Inclusion Practices,4
R006,INC10,Inclusion Practices,4
R006,PERF01,Organizational Performance,3
R006,PERF02,Organizational Performance,5
R006,PERF03,Organizational Performance,5
R006,PERF04,Organizational Performance,5
R006,PERF05,Organizational Performance,5
R006,PERF06,Organizational Performance,4
R006,PERF07,Organizational Performance,4
R006,PERF08,Organizational Performance,3
R006,PERF09,Organizational Performance,5
R006,PERF10,Organizational Performance,4
R006,PERF11,Organizational Performance,4
R006,REL01,Relationship Assessment,5
R006,REL02,Relationship Assessment,4
R006,REL03,Relationship Assessment,4
R006,REL04,Relationship Assessment,4
R006,REL05,Relationship Assessment,3
R006,REL06,Relationship Assessment,3
R006,REL07,Relationship Assessment,4
R007,DIV01,Workforce Diversity,5
R007,DIV02,Workforce Diversity,5
R007,DIV03,Workforce Diversity,5
R007,DIV04,Workforce Diversity,4
R007,DIV05,Workforce Diversity,5
R007,DIV06,Workforce Diversity,5
R007,DIV07,Workforce Diversity,4
R007,DIV08,Workforce Diversity,2
R007,DIV09,Workforce Diversity,5
R007,INC01,Inclusion Practices,4
R007,INC02,Inclusion Practices,4
R007,INC03,Inclusion Practices,5
R007,INC04,Inclusion Practices,4
R007,INC05,Inclusion Practices,5
R007,INC06,Inclusion Practices,4
R007,INC07,Inclusion Practices,5
R007,INC08,Inclusion Practices,4
R007,INC09,Inclusion Practices,5
R007,INC10,Inclusion Practices,5
R007,PERF01,Organizational Performance,2
R007,PERF02,Organizational Performance,4
R007,PERF03,Organizational Performance,5
R007,PERF04,Organizational Performance,5
R007,PERF05,Organizational Performance,5
R007,PERF06,Organizational Performance,5
R007,PERF07,Organizational Performance,5
R007,PERF08,Organizational Performance,4
R007,PERF09,Organizational Performance,5
R007,PERF10,Organizational Performance,4
R007,PERF11,Organizational Performance,4
R007,REL01,Relationship Assessment,4
R007,REL02,Relationship Assessment,4
R007,REL03,Relationship Assessment,5
R007,REL04,Relationship Assessment,4
R007,REL05,Relationship Assessment,4
R007,REL06,Relationship Assessment,4
R007,REL07,Relationship Assessment,4
R008,DIV01,Workforce Diversity,5
R008,DIV02,Workforce Diversity,4
R008,DIV03,Workforce Diversity,4
R008,DIV04,Workforce Diversity,4
R008,DIV05,Workforce Diversity,4
R008,DIV06,Workforce Diversity,5
R008,DIV07,Workforce Diversity,4
R008,DIV08,Workforce Diversity,1
R008,DIV09,Workforce Diversity,4
R008,INC01,Inclusion Practices,4
R008,INC02,Inclusion Practices,4
R008,INC03,Inclusion Practices,4
R008,INC04,Inclusion Practices,4
R008,INC05,Inclusion Practices,5
R008,INC06,Inclusion Practices,2
R008,INC07,Inclusion Practices,2
R008,INC08,Inclusion Practices,4
R008,INC09,Inclusion Practices,4
R008,INC10,Inclusion Practices,4
R008,PERF01,Organizational Performance,4
R008,PERF02,Organizational Performance,4
R008,PERF03,Organizational Performance,4
R008,PERF04,Organizational Performance,4
R008,PERF05,Organizational Performance,4
R008,PERF06,Organizational Performance,4
R008,PERF07,Organizational Performance,5
R008,PERF08,Organizational Performance,5
R008,PERF09,Organizational Performance,4
R008,PERF10,Organizational Performance,4
R008,PERF11,Organizational Performance,2
R008,REL01,Relationship Assessment,4
R008,REL02,Relationship Assessment,4
R008,REL03,Relationship Assessment,4
R008,REL04,Relationship Assessment,4
R008,REL05,Relationship Assessment,5
R008,REL06,Relationship Assessment,4
R008,REL07,Relationship Assessment,3
R009,DIV01,Workforce Diversity,4
R009,DIV02,Workforce Diversity,3
R009,DIV03,Workforce Diversity,4
R009,DIV04,Workforce Diversity,4
R009,DIV05,Workforce Diversity,4
R009,DIV06,Workforce Diversity,5
R009,DIV07,Workforce Diversity,4
R009,DIV08,Workforce Diversity,4
R009,DIV09,Workforce Diversity,5
R009,INC01,Inclusion Practices,3
R009,INC02,Inclusion Practices,5
R009,INC03,Inclusion Practices,4
R009,INC04,Inclusion Practices,4
R009,INC05,Inclusion Practices,4
R009,INC06,Inclusion Practices,4
R009,INC07,Inclusion Practices,4
R009,INC08,Inclusion Practices,4
R009,INC09,Inclusion Practices,4
R009,INC10,Inclusion Practices,3
R009,PERF01,Organizational Performance,3
R009,PERF02,Organizational Performance,4
R009,PERF03,Organizational Performance,5
R009,PERF04,Organizational Performance,4
R009,PERF05,Organizational Performance,4
R009,PERF06,Organizational Performance,5
R009,PERF07,Organizational Performance,5
R009,PERF08,Organizational Performance,5
R009,PERF09,Organizational Performance,4
R009,PERF10,Organizational Performance,4
R009,PERF11,Organizational Performance,4
R009,REL01,Relationship Assessment,3
R009,REL02,Relationship Assessment,4
R009,REL03,Relationship Assessment,4
R009,REL04,Relationship Assessment,3
R009,REL05,Relationship Assessment,4
R009,REL06,Relationship Assessment,4
R009,REL07,Relationship Assessment,4
R010,DIV01,Workforce Diversity,4
R010,DIV02,Workforce Diversity,4
R010,DIV03,Workforce Diversity,5
R010,DIV04,Workforce Diversity,4
R010,DIV05,Workforce Diversity,4
R010,DIV06,Workforce Diversity,5
R010,DIV07,Workforce Diversity,5
R010,DIV08,Workforce Diversity,3
R010,DIV09,Workforce Diversity,5
R010,INC01,Inclusion Practices,5
R010,INC02,Inclusion Practices,5
R010,INC03,Inclusion Practices,5
R010,INC04,Inclusion Practices,5
R010,INC05,Inclusion Practices,5
R010,INC06,Inclusion Practices,4
R010,INC07,Inclusion Practices,4
R010,INC08,Inclusion Practices,4
R010,INC09,Inclusion Practices,5
R010,INC10,Inclusion Practices,4
R010,PERF01,Organizational Performance,4
R010,PERF02,Organizational Performance,4
R010,PERF03,Organizational Performance,4
R010,PERF04,Organizational Performance,5
R010,PERF05,Organizational Performance,5
R010,PERF06,Organizational Performance,4
R010,PERF07,Organizational Performance,5
R010,PERF08,Organizational Performance,5
R010,PERF09,Organizational Performance,5
R010,PERF10,Organizational Performance,5
R010,PERF11,Organizational Performance,5
R010,REL01,Relationship Assessment,4
R010,REL02,Relationship Assessment,4
R010,REL03,Relationship Assessment,4
R010,REL04,Relationship Assessment,4
R010,REL05,Relationship Assessment,4
R010,REL06,Relationship Assessment,5
R010,REL07,Relationship Assessment,4
R011,DIV01,Workforce Diversity,5
R011,DIV02,Workforce Diversity,5
R011,DIV03,Workforce Diversity,5
R011,DIV04,Workforce Diversity,5
R011,DIV05,Workforce Diversity,5
R011,DIV06,Workforce Diversity,5
R011,DIV07,Workforce Diversity,5
R011,DIV08,Workforce Diversity,3
R011,DIV09,Workforce Diversity,4
R011,INC01,Inclusion Practices,4
R011,INC02,Inclusion Practices,4
R011,INC03,Inclusion Practices,4
R011,INC04,Inclusion Practices,4
R011,INC05,Inclusion Practices,3
R011,INC06,Inclusion Practices,3
R011,INC07,Inclusion Practices,4
R011,INC08,Inclusion Practices,3
R011,INC09,Inclusion Practices,4
R011,INC10,Inclusion Practices,4
R011,PERF01,Organizational Performance,2
R011,PERF02,Organizational Performance,5
R011,PERF03,Organizational Performance,4
R011,PERF04,Organizational Performance,3
R011,PERF05,Organizational Performance,5
R011,PERF06,Organizational Performance,4
R011,PERF07,Organizational Performance,3
R011,PERF08,Organizational Performance,5
R011,PERF09,Organizational Performance,4
R011,PERF10,Organizational Performance,4
R011,PERF11,Organizational Performance,4
R011,REL01,Relationship Assessment,4
R011,REL02,Relationship Assessment,4
R011,REL03,Relationship Assessment,4
R011,REL04,Relationship Assessment,4
R011,REL05,Relationship Assessment,4
R011,REL06,Relationship Assessment,4
R011,REL07,Relationship Assessment,3
R012,DIV01,Workforce Diversity,5
R012,DIV02,Workforce Diversity,4
R012,DIV03,Workforce Diversity,4
R012,DIV04,Workforce Diversity,5
R012,DIV05,Workforce Diversity,5
R012,DIV06,Workforce Diversity,5
R012,DIV07,Workforce Diversity,4
R012,DIV08,Workforce Diversity,3
R012,DIV09,Workforce Diversity,4
R012,INC01,Inclusion Practices,4
R012,INC02,Inclusion Practices,5
R012,INC03,Inclusion Practices,5
R012,INC04,Inclusion Practices,4
R012,INC05,Inclusion Practices,4
R012,INC06,Inclusion Practices,4
R012,INC07,Inclusion Practices,4
R012,INC08,Inclusion Practices,4
R012,INC09,Inclusion Practices,4
R012,INC10,Inclusion Practices,2
R012,PERF01,Organizational Performance,4
R012,PERF02,Organizational Performance,4
R012,PERF03,Organizational Performance,4
R012,PERF04,Organizational Performance,4
R012,PERF05,Organizational Performance,4
R012,PERF06,Organizational Performance,4
R012,PERF07,Organizational Performance,5
R012,PERF08,Organizational Performance,5
R012,PERF09,Organizational Performance,4
R012,PERF10,Organizational Performance,4
R012,PERF11,Organizational Performance,5
R012,REL01,Relationship Assessment,4
R012,REL02,Relationship Assessment,4
R012,REL03,Relationship Assessment,4
R012,REL04,Relationship Assessment,4
R012,REL05,Relationship Assessment,4
R012,REL06,Relationship Assessment,5
R012,REL07,Relationship Assessment,4
R013,DIV01,Workforce Diversity,5
R013,DIV02,Workforce Diversity,5
R013,DIV03,Workforce Diversity,5
R013,DIV04,Workforce Diversity,5
R013,DIV05,Workforce Diversity,5
R013,DIV06,Workforce Diversity,5
R013,DIV07,Workforce Diversity,5
R013,DIV08,Workforce Diversity,2
R013,DIV09,Workforce Diversity,4
R013,INC01,Inclusion Practices,5
R013,INC02,Inclusion Practices,4
R013,INC03,Inclusion Practices,4
R013,INC04,Inclusion Practices,4
R013,INC05,Inclusion Practices,2
R013,INC06,Inclusion Practices,4
R013,INC07,Inclusion Practices,5
R013,INC08,Inclusion Practices,4
R013,INC09,Inclusion Practices,5
R013,INC10,Inclusion Practices,4
R013,PERF01,Organizational Performance,4
R013,PERF02,Organizational Performance,5
R013,PERF03,Organizational Performance,4
R013,PERF04,Organizational Performance,4
R013,PERF05,Organizational Performance,5
R013,PERF06,Organizational Performance,5
R013,PERF07,Organizational Performance,5
R013,PERF08,Organizational Performance,5
R013,PERF09,Organizational Performance,4
R013,PERF10,Organizational Performance,5
R013,PERF11,Organizational Performance,4
R013,REL01,Relationship Assessment,4
R013,REL02,Relationship Assessment,4
R013,REL03,Relationship Assessment,4
R013,REL04,Relationship Assessment,5
R013,REL05,Relationship Assessment,4
R013,REL06,Relationship Assessment,5
R013,REL07,Relationship Assessment,4
R014,DIV01,Workforce Diversity,5
R014,DIV02,Workforce Diversity,5
R014,DIV03,Workforce Diversity,5
R014,DIV04,Workforce Diversity,5
R014,DIV05,Workforce Diversity,5
R014,DIV06,Workforce Diversity,5
R014,DIV07,Workforce Diversity,5
R014,DIV08,Workforce Diversity,5
R014,DIV09,Workforce Diversity,5
R014,INC01,Inclusion Practices,5
R014,INC02,Inclusion Practices,5
R014,INC03,Inclusion Practices,5
R014,INC04,Inclusion Practices,5
R014,INC05,Inclusion Practices,5
R014,INC06,Inclusion Practices,5
R014,INC07,Inclusion Practices,5
R014,INC08,Inclusion Practices,5
R014,INC09,Inclusion Practices,5
R014,INC10,Inclusion Practices,5
R014,PERF01,Organizational Performance,5
R014,PERF02,Organizational Performance,5
R014,PERF03,Organizational Performance,5
R014,PERF04,Organizational Performance,5
R014,PERF05,Organizational Performance,5
R014,PERF06,Organizational Performance,5
R014,PERF07,Organizational Performance,5
R014,PERF08,Organizational Performance,5
R014,PERF09,Organizational Performance,5
R014,PERF10,Organizational Performance,5
R014,PERF11,Organizational Performance,5
R014,REL01,Relationship Assessment,5
R014,REL02,Relationship Assessment,5
R014,REL03,Relationship Assessment,5
R014,REL04,Relationship Assessment,5
R014,REL05,Relationship Assessment,5
R014,REL06,Relationship Assessment,5
R014,REL07,Relationship Assessment,5
R015,DIV01,Workforce Diversity,4
R015,DIV02,Workforce Diversity,5
R015,DIV03,Workforce Diversity,5
R015,DIV04,Workforce Diversity,4
R015,DIV05,Workforce Diversity,5
R015,DIV06,Workforce Diversity,5
R015,DIV07,Workforce Diversity,4
R015,DIV08,Workforce Diversity,4
R015,DIV09,Workforce Diversity,5
R015,INC01,Inclusion Practices,4
R015,INC02,Inclusion Practices,5
R015,INC03,Inclusion Practices,4
R015,INC04,Inclusion Practices,4
R015,INC05,Inclusion Practices,4
R015,INC06,Inclusion Practices,4
R015,INC07,Inclusion Practices,4
R015,INC08,Inclusion Practices,4
R015,INC09,Inclusion Practices,4
R015,INC10,Inclusion Practices,4
R015,PERF01,Organizational Performance,4
R015,PERF02,Organizational Performance,5
R015,PERF03,Organizational Performance,4
R015,PERF04,Organizational Performance,4
R015,PERF05,Organizational Performance,5
R015,PERF06,Organizational Performance,4
R015,PERF07,Organizational Performance,5
R015,PERF08,Organizational Performance,5
R015,PERF09,Organizational Performance,4
R015,PERF10,Organizational Performance,4
R015,PERF11,Organizational Performance,4
R015,REL01,Relationship Assessment,4
R015,REL02,Relationship Assessment,4
R015,REL03,Relationship Assessment,4
R015,REL04,Relationship Assessment,4
R015,REL05,Relationship Assessment,5
R015,REL06,Relationship Assessment,5
R015,REL07,Relationship Assessment,4
R016,DIV01,Workforce Diversity,2
R016,DIV02,Workforce Diversity,4
R016,DIV03,Workforce Diversity,4
R016,DIV04,Workforce Diversity,4
R016,DIV05,Workforce Diversity,4
R016,DIV06,Workforce Diversity,4
R016,DIV07,Workforce Diversity,4
R016,DIV08,Workforce Diversity,1
R016,DIV09,Workforce Diversity,4
R016,INC01,Inclusion Practices,4
R016,INC02,Inclusion Practices,4
R016,INC03,Inclusion Practices,4
R016,INC04,Inclusion Practices,4
R016,INC05,Inclusion Practices,5
R016,INC06,Inclusion Practices,4
R016,INC07,Inclusion Practices,4
R016,INC08,Inclusion Practices,4
R016,INC09,Inclusion Practices,4
R016,INC10,Inclusion Practices,4
R016,PERF01,Organizational Performance,4
R016,PERF02,Organizational Performance,4
R016,PERF03,Organizational Performance,4
R016,PERF04,Organizational Performance,4
R016,PERF05,Organizational Performance,4
R016,PERF06,Organizational Performance,5
R016,PERF07,Organizational Performance,5
R016,PERF08,Organizational Performance,5
R016,PERF09,Organizational Performance,4
R016,PERF10,Organizational Performance,4
R016,PERF11,Organizational Performance,5
R016,REL01,Relationship Assessment,4
R016,REL02,Relationship Assessment,4
R016,REL03,Relationship Assessment,4
R016,REL04,Relationship Assessment,4
R016,REL05,Relationship Assessment,4
R016,REL06,Relationship Assessment,4
R016,REL07,Relationship Assessment,4
R017,DIV01,Workforce Diversity,5
R017,DIV02,Workforce Diversity,3
R017,DIV03,Workforce Diversity,4
R017,DIV04,Workforce Diversity,4
R017,DIV05,Workforce Diversity,4
R017,DIV06,Workforce Diversity,4
R017,DIV07,Workforce Diversity,4
R017,DIV08,Workforce Diversity,3
R017,DIV09,Workforce Diversity,4
R017,INC01,Inclusion Practices,3
R017,INC02,Inclusion Practices,3
R017,INC03,Inclusion Practices,3
R017,INC04,Inclusion Practices,2
R017,INC05,Inclusion Practices,3
R017,INC06,Inclusion Practices,2
R017,INC07,Inclusion Practices,4
R017,INC08,Inclusion Practices,4
R017,INC09,Inclusion Practices,5
R017,INC10,Inclusion Practices,4
R017,PERF01,Organizational Performance,2
R017,PERF02,Organizational Performance,2
R017,PERF03,Organizational Performance,4
R017,PERF04,Organizational Performance,4
R017,PERF05,Organizational Performance,3
R017,PERF06,Organizational Performance,4
R017,PERF07,Organizational Performance,4
R017,PERF08,Organizational Performance,4
R017,PERF09,Organizational Performance,4
R017,PERF10,Organizational Performance,4
R017,PERF11,Organizational Performance,4
R017,REL01,Relationship Assessment,4
R017,REL02,Relationship Assessment,4
R017,REL03,Relationship Assessment,4
R017,REL04,Relationship Assessment,4
R017,REL05,Relationship Assessment,4
R017,REL06,Relationship Assessment,4
R017,REL07,Relationship Assessment,4
R018,DIV01,Workforce Diversity,4
R018,DIV02,Workforce Diversity,4
R018,DIV03,Workforce Diversity,4
R018,DIV04,Workforce Diversity,4
R018,DIV05,Workforce Diversity,4
R018,DIV06,Workforce Diversity,4
R018,DIV07,Workforce Diversity,4
R018,DIV08,Workforce Diversity,3
R018,DIV09,Workforce Diversity,4
R018,INC01,Inclusion Practices,4
R018,INC02,Inclusion Practices,4
R018,INC03,Inclusion Practices,4
R018,INC04,Inclusion Practices,4
R018,INC05,Inclusion Practices,4
R018,INC06,Inclusion Practices,4
R018,INC07,Inclusion Practices,4
R018,INC08,Inclusion Practices,4
R018,INC09,Inclusion Practices,4
R018,INC10,Inclusion Practices,4
R018,PERF01,Organizational Performance,3
R018,PERF02,Organizational Performance,4
R018,PERF03,Organizational Performance,4
R018,PERF04,Organizational Performance,4
R018,PERF05,Organizational Performance,4
R018,PERF06,Organizational Performance,4
R018,PERF07,Organizational Performance,5
R018,PERF08,Organizational Performance,5
R018,PERF09,Organizational Performance,4
R018,PERF10,Organizational Performance,4
R018,PERF11,Organizational Performance,3
R018,REL01,Relationship Assessment,4
R018,REL02,Relationship Assessment,4
R018,REL03,Relationship Assessment,5
R018,REL04,Relationship Assessment,5
R018,REL05,Relationship Assessment,4
R018,REL06,Relationship Assessment,4
R018,REL07,Relationship Assessment,3
R019,DIV01,Workforce Diversity,4
R019,DIV02,Workforce Diversity,4
R019,DIV03,Workforce Diversity,4
R019,DIV04,Workforce Diversity,5
R019,DIV05,Workforce Diversity,5
R019,DIV06,Workforce Diversity,5
R019,DIV07,Workforce Diversity,4
R019,DIV08,Workforce Diversity,2
R019,DIV09,Workforce Diversity,4
R019,INC01,Inclusion Practices,5
R019,INC02,Inclusion Practices,4
R019,INC03,Inclusion Practices,5
R019,INC04,Inclusion Practices,4
R019,INC05,Inclusion Practices,5
R019,INC06,Inclusion Practices,4
R019,INC07,Inclusion Practices,4
R019,INC08,Inclusion Practices,5
R019,INC09,Inclusion Practices,4
R019,INC10,Inclusion Practices,4
R019,PERF01,Organizational Performance,4
R019,PERF02,Organizational Performance,4
R019,PERF03,Organizational Performance,4
R019,PERF04,Organizational Performance,4
R019,PERF05,Organizational Performance,5
R019,PERF06,Organizational Performance,4
R019,PERF07,Organizational Performance,4
R019,PERF08,Organizational Performance,5
R019,PERF09,Organizational Performance,4
R019,PERF10,Organizational Performance,4
R019,PERF11,Organizational Performance,5
R019,REL01,Relationship Assessment,4
R019,REL02,Relationship Assessment,5
R019,REL03,Relationship Assessment,4
R019,REL04,Relationship Assessment,4
R019,REL05,Relationship Assessment,4
R019,REL06,Relationship Assessment,4
R019,REL07,Relationship Assessment,5
R020,DIV01,Workforce Diversity,2
R020,DIV02,Workforce Diversity,4
R020,DIV03,Workforce Diversity,4
R020,DIV04,Workforce Diversity,4
R020,DIV05,Workforce Diversity,4
R020,DIV06,Workforce Diversity,5
R020,DIV07,Workforce Diversity,5
R020,DIV08,Workforce Diversity,4
R020,DIV09,Workforce Diversity,4
R020,INC01,Inclusion Practices,4
R020,INC02,Inclusion Practices,5
R020,INC03,Inclusion Practices,5
R020,INC04,Inclusion Practices,5
R020,INC05,Inclusion Practices,4
R020,INC06,Inclusion Practices,3
R020,INC07,Inclusion Practices,4
R020,INC08,Inclusion Practices,4
R020,INC09,Inclusion Practices,5
R020,INC10,Inclusion Practices,5
R020,PERF01,Organizational Performance,4
R020,PERF02,Organizational Performance,3
R020,PERF03,Organizational Performance,4
R020,PERF04,Organizational Performance,4
R020,PERF05,Organizational Performance,5
R020,PERF06,Organizational Performance,4
R020,PERF07,Organizational Performance,4
R020,PERF08,Organizational Performance,5
R020,PERF09,Organizational Performance,4
R020,PERF10,Organizational Performance,4
R020,PERF11,Organizational Performance,4
R020,REL01,Relationship Assessment,3
R020,REL02,Relationship Assessment,5
R020,REL03,Relationship Assessment,4
R020,REL04,Relationship Assessment,4
R020,REL05,Relationship Assessment,5
R020,REL06,Relationship Assessment,5
R020,REL07,Relationship Assessment,4
R021,DIV01,Workforce Diversity,4
R021,DIV02,Workforce Diversity,4
R021,DIV03,Workforce Diversity,5
R021,DIV04,Workforce Diversity,4
R021,DIV05,Workforce Diversity,4
R021,DIV06,Workforce Diversity,4
R021,DIV07,Workforce Diversity,4
R021,DIV08,Workforce Diversity,2
R021,DIV09,Workforce Diversity,4
R021,INC01,Inclusion Practices,4
R021,INC02,Inclusion Practices,4
R021,INC03,Inclusion Practices,3
R021,INC04,Inclusion Practices,4
R021,INC05,Inclusion Practices,4
R021,INC06,Inclusion Practices,3
R021,INC07,Inclusion Practices,4
R021,INC08,Inclusion Practices,4
R021,INC09,Inclusion Practices,4
R021,INC10,Inclusion Practices,4
R021,PERF01,Organizational Performance,3
R021,PERF02,Organizational Performance,5
R021,PERF03,Organizational Performance,4
R021,PERF04,Organizational Performance,4
R021,PERF05,Organizational Performance,5
R021,PERF06,Organizational Performance,4
R021,PERF07,Organizational Performance,5
R021,PERF08,Organizational Performance,5
R021,PERF09,Organizational Performance,4
R021,PERF10,Organizational Performance,4
R021,PERF11,Organizational Performance,4
R021,REL01,Relationship Assessment,4
R021,REL02,Relationship Assessment,4
R021,REL03,Relationship Assessment,4
R021,REL04,Relationship Assessment,5
R021,REL05,Relationship Assessment,4
R021,REL06,Relationship Assessment,4
R021,REL07,Relationship Assessment,3
R022,DIV01,Workforce Diversity,5
R022,DIV02,Workforce Diversity,2
R022,DIV03,Workforce Diversity,5
R022,DIV04,Workforce Diversity,5
R022,DIV05,Workforce Diversity,1
R022,DIV06,Workforce Diversity,5
R022,DIV07,Workforce Diversity,5
R022,DIV08,Workforce Diversity,1
R022,DIV09,Workforce Diversity,2
R022,INC01,Inclusion Practices,5
R022,INC02,Inclusion Practices,5
R022,INC03,Inclusion Practices,5
R022,INC04,Inclusion Practices,5
R022,INC05,Inclusion Practices,5
R022,INC06,Inclusion Practices,5
R022,INC07,Inclusion Practices,5
R022,INC08,Inclusion Practices,5
R022,INC09,Inclusion Practices,5
R022,INC10,Inclusion Practices,5
R022,PERF01,Organizational Performance,2
R022,PERF02,Organizational Performance,5
R022,PERF03,Organizational Performance,5
R022,PERF04,Organizational Performance,5
R022,PERF05,Organizational Performance,5
R022,PERF06,Organizational Performance,5
R022,PERF07,Organizational Performance,5
R022,PERF08,Organizational Performance,5
R022,PERF09,Organizational Performance,5
R022,PERF10,Organizational Performance,5
R022,PERF11,Organizational Performance,5
R022,REL01,Relationship Assessment,4
R022,REL02,Relationship Assessment,5
R022,REL03,Relationship Assessment,5
R022,REL04,Relationship Assessment,4
R022,REL05,Relationship Assessment,5
R022,REL06,Relationship Assessment,5
R022,REL07,Relationship Assessment,2
R023,DIV01,Workforce Diversity,5
R023,DIV02,Workforce Diversity,4
R023,DIV03,Workforce Diversity,4
R023,DIV04,Workforce Diversity,4
R023,DIV05,Workforce Diversity,4
R023,DIV06,Workforce Diversity,5
R023,DIV07,Workforce Diversity,5
R023,DIV08,Workforce Diversity,3
R023,DIV09,Workforce Diversity,5
R023,INC01,Inclusion Practices,4
R023,INC02,Inclusion Practices,5
R023,INC03,Inclusion Practices,4
R023,INC04,Inclusion Practices,4
R023,INC05,Inclusion Practices,5
R023,INC06,Inclusion Practices,4
R023,INC07,Inclusion Practices,4
R023,INC08,Inclusion Practices,5
R023,INC09,Inclusion Practices,5
R023,INC10,Inclusion Practices,4
R023,PERF01,Organizational Performance,4
R023,PERF02,Organizational Performance,5
R023,PERF03,Organizational Performance,5
R023,PERF04,Organizational Performance,4
R023,PERF05,Organizational Performance,4
R023,PERF06,Organizational Performance,5
R023,PERF07,Organizational Performance,5
R023,PERF08,Organizational Performance,4
R023,PERF09,Organizational Performance,4
R023,PERF10,Organizational Performance,4
R023,PERF11,Organizational Performance,5
R023,REL01,Relationship Assessment,5
R023,REL02,Relationship Assessment,4
R023,REL03,Relationship Assessment,4
R023,REL04,Relationship Assessment,5
R023,REL05,Relationship Assessment,4
R023,REL06,Relationship Assessment,5
R023,REL07,Relationship Assessment,5
R024,DIV01,Workforce Diversity,4
R024,DIV02,Workforce Diversity,4
R024,DIV03,Workforce Diversity,4
R024,DIV04,Workforce Diversity,4
R024,DIV05,Workforce Diversity,4
R024,DIV06,Workforce Diversity,3
R024,DIV07,Workforce Diversity,4
R024,DIV08,Workforce Diversity,2
R024,DIV09,Workforce Diversity,4
R024,INC01,Inclusion Practices,3
R024,INC02,Inclusion Practices,4
R024,INC03,Inclusion Practices,3
R024,INC04,Inclusion Practices,4
R024,INC05,Inclusion Practices,4
R024,INC06,Inclusion Practices,4
R024,INC07,Inclusion Practices,4
R024,INC08,Inclusion Practices,4
R024,INC09,Inclusion Practices,4
R024,INC10,Inclusion Practices,4
R024,PERF01,Organizational Performance,3
R024,PERF02,Organizational Performance,4
R024,PERF03,Organizational Performance,4
R024,PERF04,Organizational Performance,4
R024,PERF05,Organizational Performance,4
R024,PERF06,Organizational Performance,5
R024,PERF07,Organizational Performance,5
R024,PERF08,Organizational Performance,5
R024,PERF09,Organizational Performance,4
R024,PERF10,Organizational Performance,5
R024,PERF11,Organizational Performance,5
R024,REL01,Relationship Assessment,4
R024,REL02,Relationship Assessment,4
R024,REL03,Relationship Assessment,4
R024,REL04,Relationship Assessment,3
R024,REL05,Relationship Assessment,4
R024,REL06,Relationship Assessment,4
R024,REL07,Relationship Assessment,4
R025,DIV01,Workforce Diversity,5
R025,DIV02,Workforce Diversity,5
R025,DIV03,Workforce Diversity,5
R025,DIV04,Workforce Diversity,5
R025,DIV05,Workforce Diversity,5
R025,DIV06,Workforce Diversity,4
R025,DIV07,Workforce Diversity,4
R025,DIV08,Workforce Diversity,3
R025,DIV09,Workforce Diversity,4
R025,INC01,Inclusion Practices,4
R025,INC02,Inclusion Practices,4
R025,INC03,Inclusion Practices,4
R025,INC04,Inclusion Practices,4
R025,INC05,Inclusion Practices,4
R025,INC06,Inclusion Practices,3
R025,INC07,Inclusion Practices,3
R025,INC08,Inclusion Practices,4
R025,INC09,Inclusion Practices,3
R025,INC10,Inclusion Practices,4
R025,PERF01,Organizational Performance,3
R025,PERF02,Organizational Performance,4
R025,PERF03,Organizational Performance,5
R025,PERF04,Organizational Performance,4
R025,PERF05,Organizational Performance,3
R025,PERF06,Organizational Performance,4
R025,PERF07,Organizational Performance,5
R025,PERF08,Organizational Performance,4
R025,PERF09,Organizational Performance,3
R025,PERF10,Organizational Performance,4
R025,PERF11,Organizational Performance,4
R025,REL01,Relationship Assessment,4
R025,REL02,Relationship Assessment,4
R025,REL03,Relationship Assessment,4
R025,REL04,Relationship Assessment,4
R025,REL05,Relationship Assessment,4
R025,REL06,Relationship Assessment,4
R025,REL07,Relationship Assessment,4
R026,DIV01,Workforce Diversity,5
R026,DIV02,Workforce Diversity,5
R026,DIV03,Workforce Diversity,4
R026,DIV04,Workforce Diversity,2
R026,DIV05,Workforce Diversity,5
R026,DIV06,Workforce Diversity,5
R026,DIV07,Workforce Diversity,4
R026,DIV08,Workforce Diversity,4
R026,DIV09,Workforce Diversity,5
R026,INC01,Inclusion Practices,4
R026,INC02,Inclusion Practices,4
R026,INC03,Inclusion Practices,5
R026,INC04,Inclusion Practices,4
R026,INC05,Inclusion Practices,5
R026,INC06,Inclusion Practices,4
R026,INC07,Inclusion Practices,4
R026,INC08,Inclusion Practices,5
R026,INC09,Inclusion Practices,5
R026,INC10,Inclusion Practices,5
R026,PERF01,Organizational Performance,4
R026,PERF02,Organizational Performance,4
R026,PERF03,Organizational Performance,5
R026,PERF04,Organizational Performance,5
R026,PERF05,Organizational Performance,4
R026,PERF06,Organizational Performance,5
R026,PERF07,Organizational Performance,5
R026,PERF08,Organizational Performance,5
R026,PERF09,Organizational Performance,5
R026,PERF10,Organizational Performance,4
R026,PERF11,Organizational Performance,4
R026,REL01,Relationship Assessment,4
R026,REL02,Relationship Assessment,5
R026,REL03,Relationship Assessment,5
R026,REL04,Relationship Assessment,5
R026,REL05,Relationship Assessment,5
R026,REL06,Relationship Assessment,5
R026,REL07,Relationship Assessment,3
R027,DIV01,Workforce Diversity,4
R027,DIV02,Workforce Diversity,4
R027,DIV03,Workforce Diversity,5
R027,DIV04,Workforce Diversity,5
R027,DIV05,Workforce Diversity,4
R027,DIV06,Workforce Diversity,5
R027,DIV07,Workforce Diversity,4
R027,DIV08,Workforce Diversity,1
R027,DIV09,Workforce Diversity,4
R027,INC01,Inclusion Practices,4
R027,INC02,Inclusion Practices,4
R027,INC03,Inclusion Practices,3
R027,INC04,Inclusion Practices,4
R027,INC05,Inclusion Practices,4
R027,INC06,Inclusion Practices,4
R027,INC07,Inclusion Practices,4
R027,INC08,Inclusion Practices,5
R027,INC09,Inclusion Practices,5
R027,INC10,Inclusion Practices,4
R027,PERF01,Organizational Performance,4
R027,PERF02,Organizational Performance,4
R027,PERF03,Organizational Performance,4
R027,PERF04,Organizational Performance,4
R027,PERF05,Organizational Performance,4
R027,PERF06,Organizational Performance,4
R027,PERF07,Organizational Performance,5
R027,PERF08,Organizational Performance,3
R027,PERF09,Organizational Performance,4
R027,PERF10,Organizational Performance,4
R027,PERF11,Organizational Performance,2
R027,REL01,Relationship Assessment,4
R027,REL02,Relationship Assessment,4
R027,REL03,Relationship Assessment,4
R027,REL04,Relationship Assessment,4
R027,REL05,Relationship Assessment,4
R027,REL06,Relationship Assessment,5
R027,REL07,Relationship Assessment,4
R028,DIV01,Workforce Diversity,4
R028,DIV02,Workforce Diversity,4
R028,DIV03,Workforce Diversity,4
R028,DIV04,Workforce Diversity,4
R028,DIV05,Workforce Diversity,4
R028,DIV06,Workforce Diversity,4
R028,DIV07,Workforce Diversity,4
R028,DIV08,Workforce Diversity,2
R028,DIV09,Workforce Diversity,4
R028,INC01,Inclusion Practices,3
R028,INC02,Inclusion Practices,4
R028,INC03,Inclusion Practices,4
R028,INC04,Inclusion Practices,4
R028,INC05,Inclusion Practices,4
R028,INC06,Inclusion Practices,4
R028,INC07,Inclusion Practices,4
R028,INC08,Inclusion Practices,5
R028,INC09,Inclusion Practices,5
R028,INC10,Inclusion Practices,5
R028,PERF01,Organizational Performance,2
R028,PERF02,Organizational Performance,5
R028,PERF03,Organizational Performance,5
R028,PERF04,Organizational Performance,5
R028,PERF05,Organizational Performance,4
R028,PERF06,Organizational Performance,5
R028,PERF07,Organizational Performance,5
R028,PERF08,Organizational Performance,4
R028,PERF09,Organizational Performance,5
R028,PERF10,Organizational Performance,5
R028,PERF11,Organizational Performance,5
R028,REL01,Relationship Assessment,4
R028,REL02,Relationship Assessment,4
R028,REL03,Relationship Assessment,5
R028,REL04,Relationship Assessment,2
R028,REL05,Relationship Assessment,3
R028,REL06,Relationship Assessment,5
R028,REL07,Relationship Assessment,4
R029,DIV01,Workforce Diversity,5
R029,DIV02,Workforce Diversity,4
R029,DIV03,Workforce Diversity,4
R029,DIV04,Workforce Diversity,5
R029,DIV05,Workforce Diversity,4
R029,DIV06,Workforce Diversity,4
R029,DIV07,Workforce Diversity,4
R029,DIV08,Workforce Diversity,2
R029,DIV09,Workforce Diversity,4
R029,INC01,Inclusion Practices,4
R029,INC02,Inclusion Practices,4
R029,INC03,Inclusion Practices,4
R029,INC04,Inclusion Practices,4
R029,INC05,Inclusion Practices,4
R029,INC06,Inclusion Practices,4
R029,INC07,Inclusion Practices,4
R029,INC08,Inclusion Practices,5
R029,INC09,Inclusion Practices,5
R029,INC10,Inclusion Practices,2
R029,PERF01,Organizational Performance,4
R029,PERF02,Organizational Performance,4
R029,PERF03,Organizational Performance,4
R029,PERF04,Organizational Performance,5
R029,PERF05,Organizational Performance,4
R029,PERF06,Organizational Performance,4
R029,PERF07,Organizational Performance,5
R029,PERF08,Organizational Performance,5
R029,PERF09,Organizational Performance,4
R029,PERF10,Organizational Performance,4
R029,PERF11,Organizational Performance,5
R029,REL01,Relationship Assessment,5
R029,REL02,Relationship Assessment,4
R029,REL03,Relationship Assessment,4
R029,REL04,Relationship Assessment,4
R029,REL05,Relationship Assessment,4
R029,REL06,Relationship Assessment,4
R029,REL07,Relationship Assessment,4
R030,DIV01,Workforce Diversity,5
R030,DIV02,Workforce Diversity,5
R030,DIV03,Workforce Diversity,5
R030,DIV04,Workforce Diversity,5
R030,DIV05,Workforce Diversity,5
R030,DIV06,Workforce Diversity,5
R030,DIV07,Workforce Diversity,5
R030,DIV08,Workforce Diversity,3
R030,DIV09,Workforce Diversity,5
R030,INC01,Inclusion Practices,5
R030,INC02,Inclusion Practices,5
R030,INC03,Inclusion Practices,5
R030,INC04,Inclusion Practices,5
R030,INC05,Inclusion Practices,5
R030,INC06,Inclusion Practices,5
R030,INC07,Inclusion Practices,5
R030,INC08,Inclusion Practices,5
R030,INC09,Inclusion Practices,5
R030,INC10,Inclusion Practices,5
R030,PERF01,Organizational Performance,5
R030,PERF02,Organizational Performance,5
R030,PERF03,Organizational Performance,5
R030,PERF04,Organizational Performance,5
R030,PERF05,Organizational Performance,5
R030,PERF06,Organizational Performance,5
R030,PERF07,Organizational Performance,5
R030,PERF08,Organizational Performance,5
R030,PERF09,Organizational Performance,5
R030,PERF10,Organizational Performance,5
R030,PERF11,Organizational Performance,5
R030,REL01,Relationship Assessment,5
R030,REL02,Relationship Assessment,5
R030,REL03,Relationship Assessment,5
R030,REL04,Relationship Assessment,5
R030,REL05,Relationship Assessment,5
R030,REL06,Relationship Assessment,5
R030,REL07,Relationship Assessment,5
R031,DIV01,Workforce Diversity,5
R031,DIV02,Workforce Diversity,5
R031,DIV03,Workforce Diversity,5
R031,DIV04,Workforce Diversity,5
R031,DIV05,Workforce Diversity,5
R031,DIV06,Workforce Diversity,5
R031,DIV07,Workforce Diversity,5
R031,DIV08,Workforce Diversity,2
R031,DIV09,Workforce Diversity,4
R031,INC01,Inclusion Practices,4
R031,INC02,Inclusion Practices,5
R031,INC03,Inclusion Practices,5
R031,INC04,Inclusion Practices,4
R031,INC05,Inclusion Practices,4
R031,INC06,Inclusion Practices,4
R031,INC07,Inclusion Practices,5
R031,INC08,Inclusion Practices,5
R031,INC09,Inclusion Practices,5
R031,INC10,Inclusion Practices,5
R031,PERF01,Organizational Performance,4
R031,PERF02,Organizational Performance,5
R031,PERF03,Organizational Performance,5
R031,PERF04,Organizational Performance,5
R031,PERF05,Organizational Performance,4
R031,PERF06,Organizational Performance,4
R031,PERF07,Organizational Performance,5
R031,PERF08,Organizational Performance,5
R031,PERF09,Organizational Performance,5
R031,PERF10,Organizational Performance,4
R031,PERF11,Organizational Performance,5
R031,REL01,Relationship Assessment,4
R031,REL02,Relationship Assessment,5
R031,REL03,Relationship Assessment,4
R031,REL04,Relationship Assessment,2
R031,REL05,Relationship Assessment,5
R031,REL06,Relationship Assessment,5
R031,REL07,Relationship Assessment,5
R032,DIV01,Workforce Diversity,5
R032,DIV02,Workforce Diversity,5
R032,DIV03,Workforce Diversity,5
R032,DIV04,Workforce Diversity,5
R032,DIV05,Workforce Diversity,5
R032,DIV06,Workforce Diversity,5
R032,DIV07,Workforce Diversity,5
R032,DIV08,Workforce Diversity,2
R032,DIV09,Workforce Diversity,5
R032,INC01,Inclusion Practices,4
R032,INC02,Inclusion Practices,5
R032,INC03,Inclusion Practices,5
R032,INC04,Inclusion Practices,5
R032,INC05,Inclusion Practices,5
R032,INC06,Inclusion Practices,5
R032,INC07,Inclusion Practices,5
R032,INC08,Inclusion Practices,5
R032,INC09,Inclusion Practices,5
R032,INC10,Inclusion Practices,5
R032,PERF01,Organizational Performance,5
R032,PERF02,Organizational Performance,5
R032,PERF03,Organizational Performance,5
R032,PERF04,Organizational Performance,5
R032,PERF05,Organizational Performance,5
R032,PERF06,Organizational Performance,5
R032,PERF07,Organizational Performance,5
R032,PERF08,Organizational Performance,5
R032,PERF09,Organizational Performance,5
R032,PERF10,Organizational Performance,5
R032,PERF11,Organizational Performance,5
R032,REL01,Relationship Assessment,5
R032,REL02,Relationship Assessment,5
R032,REL03,Relationship Assessment,4
R032,REL04,Relationship Assessment,4
R032,REL05,Relationship Assessment,5
R032,REL06,Relationship Assessment,5
R032,REL07,Relationship Assessment,5
R033,DIV01,Workforce Diversity,3
R033,DIV02,Workforce Diversity,5
R033,DIV03,Workforce Diversity,5
R033,DIV04,Workforce Diversity,5
R033,DIV05,Workforce Diversity,4
R033,DIV06,Workforce Diversity,4
R033,DIV07,Workforce Diversity,4
R033,DIV08,Workforce Diversity,2
R033,DIV09,Workforce Diversity,4
R033,INC01,Inclusion Practices,4
R033,INC02,Inclusion Practices,5
R033,INC03,Inclusion Practices,4
R033,INC04,Inclusion Practices,4
R033,INC05,Inclusion Practices,4
R033,INC06,Inclusion Practices,3
R033,INC07,Inclusion Practices,4
R033,INC08,Inclusion Practices,4
R033,INC09,Inclusion Practices,4
R033,INC10,Inclusion Practices,3
R033,PERF01,Organizational Performance,4
R033,PERF02,Organizational Performance,4
R033,PERF03,Organizational Performance,4
R033,PERF04,Organizational Performance,4
R033,PERF05,Organizational Performance,4
R033,PERF06,Organizational Performance,4
R033,PERF07,Organizational Performance,4
R033,PERF08,Organizational Performance,4
R033,PERF09,Organizational Performance,3
R033,PERF10,Organizational Performance,4
R033,PERF11,Organizational Performance,3
R033,REL01,Relationship Assessment,4
R033,REL02,Relationship Assessment,4
R033,REL03,Relationship Assessment,4
R033,REL04,Relationship Assessment,3
R033,REL05,Relationship Assessment,4
R033,REL06,Relationship Assessment,4
R033,REL07,Relationship Assessment,4
R034,DIV01,Workforce Diversity,4
R034,DIV02,Workforce Diversity,4
R034,DIV03,Workforce Diversity,5
R034,DIV04,Workforce Diversity,4
R034,DIV05,Workforce Diversity,5
R034,DIV06,Workforce Diversity,5
R034,DIV07,Workforce Diversity,4
R034,DIV08,Workforce Diversity,3
R034,DIV09,Workforce Diversity,4
R034,INC01,Inclusion Practices,4
R034,INC02,Inclusion Practices,5
R034,INC03,Inclusion Practices,5
R034,INC04,Inclusion Practices,5
R034,INC05,Inclusion Practices,4
R034,INC06,Inclusion Practices,4
R034,INC07,Inclusion Practices,5
R034,INC08,Inclusion Practices,4
R034,INC09,Inclusion Practices,5
R034,INC10,Inclusion Practices,5
R034,PERF01,Organizational Performance,4
R034,PERF02,Organizational Performance,4
R034,PERF03,Organizational Performance,4
R034,PERF04,Organizational Performance,4
R034,PERF05,Organizational Performance,5
R034,PERF06,Organizational Performance,5
R034,PERF07,Organizational Performance,5
R034,PERF08,Organizational Performance,5
R034,PERF09,Organizational Performance,5
R034,PERF10,Organizational Performance,4
R034,PERF11,Organizational Performance,5
R034,REL01,Relationship Assessment,4
R034,REL02,Relationship Assessment,5
R034,REL03,Relationship Assessment,5
R034,REL04,Relationship Assessment,4
R034,REL05,Relationship Assessment,5
R034,REL06,Relationship Assessment,5
R034,REL07,Relationship Assessment,4
R035,DIV01,Workforce Diversity,4
R035,DIV02,Workforce Diversity,2
R035,DIV03,Workforce Diversity,4
R035,DIV04,Workforce Diversity,4
R035,DIV05,Workforce Diversity,4
R035,DIV06,Workforce Diversity,4
R035,DIV07,Workforce Diversity,4
R035,DIV08,Workforce Diversity,2
R035,DIV09,Workforce Diversity,4
R035,INC01,Inclusion Practices,4
R035,INC02,Inclusion Practices,2
R035,INC03,Inclusion Practices,2
R035,INC04,Inclusion Practices,2
R035,INC05,Inclusion Practices,2
R035,INC06,Inclusion Practices,1
R035,INC07,Inclusion Practices,2
R035,INC08,Inclusion Practices,2
R035,INC09,Inclusion Practices,2
R035,INC10,Inclusion Practices,2
R035,PERF01,Organizational Performance,2
R035,PERF02,Organizational Performance,4
R035,PERF03,Organizational Performance,2
R035,PERF04,Organizational Performance,2
R035,PERF05,Organizational Performance,2
R035,PERF06,Organizational Performance,4
R035,PERF07,Organizational Performance,4
R035,PERF08,Organizational Performance,2
R035,PERF09,Organizational Performance,2
R035,PERF10,Organizational Performance,2
R035,PERF11,Organizational Performance,2
R035,REL01,Relationship Assessment,3
R035,REL02,Relationship Assessment,2
R035,REL03,Relationship Assessment,3
R035,REL04,Relationship Assessment,2
R035,REL05,Relationship Assessment,4
R035,REL06,Relationship Assessment,3
R035,REL07,Relationship Assessment,1
R036,DIV01,Workforce Diversity,5
R036,DIV02,Workforce Diversity,5
R036,DIV03,Workforce Diversity,5
R036,DIV04,Workforce Diversity,5
R036,DIV05,Workforce Diversity,5
R036,DIV06,Workforce Diversity,5
R036,DIV07,Workforce Diversity,4
R036,DIV08,Workforce Diversity,2
R036,DIV09,Workforce Diversity,4
R036,INC01,Inclusion Practices,4
R036,INC02,Inclusion Practices,4
R036,INC03,Inclusion Practices,4
R036,INC04,Inclusion Practices,4
R036,INC05,Inclusion Practices,3
R036,INC06,Inclusion Practices,4
R036,INC07,Inclusion Practices,4
R036,INC08,Inclusion Practices,4
R036,INC09,Inclusion Practices,4
R036,INC10,Inclusion Practices,4
R036,PERF01,Organizational Performance,2
R036,PERF02,Organizational Performance,5
R036,PERF03,Organizational Performance,4
R036,PERF04,Organizational Performance,4
R036,PERF05,Organizational Performance,3
R036,PERF06,Organizational Performance,5
R036,PERF07,Organizational Performance,5
R036,PERF08,Organizational Performance,4
R036,PERF09,Organizational Performance,4
R036,PERF10,Organizational Performance,4
R036,PERF11,Organizational Performance,5
R036,REL01,Relationship Assessment,4
R036,REL02,Relationship Assessment,4
R036,REL03,Relationship Assessment,3
R036,REL04,Relationship Assessment,2
R036,REL05,Relationship Assessment,4
R036,REL06,Relationship Assessment,4
R036,REL07,Relationship Assessment,4
R037,DIV01,Workforce Diversity,4
R037,DIV02,Workforce Diversity,4
R037,DIV03,Workforce Diversity,4
R037,DIV04,Workforce Diversity,4
R037,DIV05,Workforce Diversity,4
R037,DIV06,Workforce Diversity,4
R037,DIV07,Workforce Diversity,4
R037,DIV08,Workforce Diversity,2
R037,DIV09,Workforce Diversity,4
R037,INC01,Inclusion Practices,4
R037,INC02,Inclusion Practices,4
R037,INC03,Inclusion Practices,4
R037,INC04,Inclusion Practices,4
R037,INC05,Inclusion Practices,4
R037,INC06,Inclusion Practices,4
R037,INC07,Inclusion Practices,4
R037,INC08,Inclusion Practices,4
R037,INC09,Inclusion Practices,4
R037,INC10,Inclusion Practices,4
R037,PERF01,Organizational Performance,4
R037,PERF02,Organizational Performance,4
R037,PERF03,Organizational Performance,4
R037,PERF04,Organizational Performance,4
R037,PERF05,Organizational Performance,4
R037,PERF06,Organizational Performance,4
R037,PERF07,Organizational Performance,4
R037,PERF08,Organizational Performance,4
R037,PERF09,Organizational Performance,4
R037,PERF10,Organizational Performance,4
R037,PERF11,Organizational Performance,4
R037,REL01,Relationship Assessment,4
R037,REL02,Relationship Assessment,4
R037,REL03,Relationship Assessment,4
R037,REL04,Relationship Assessment,4
R037,REL05,Relationship Assessment,4
R037,REL06,Relationship Assessment,4
R037,REL07,Relationship Assessment,4
R038,DIV01,Workforce Diversity,4
R038,DIV02,Workforce Diversity,4
R038,DIV03,Workforce Diversity,4
R038,DIV04,Workforce Diversity,4
R038,DIV05,Workforce Diversity,4
R038,DIV06,Workforce Diversity,4
R038,DIV07,Workforce Diversity,4
R038,DIV08,Workforce Diversity,2
R038,DIV09,Workforce Diversity,4
R038,INC01,Inclusion Practices,4
R038,INC02,Inclusion Practices,4
R038,INC03,Inclusion Practices,4
R038,INC04,Inclusion Practices,4
R038,INC05,Inclusion Practices,4
R038,INC06,Inclusion Practices,4
R038,INC07,Inclusion Practices,4
R038,INC08,Inclusion Practices,4
R038,INC09,Inclusion Practices,4
R038,INC10,Inclusion Practices,4
R038,PERF01,Organizational Performance,2
R038,PERF02,Organizational Performance,4
R038,PERF03,Organizational Performance,4
R038,PERF04,Organizational Performance,4
R038,PERF05,Organizational Performance,4
R038,PERF06,Organizational Performance,4
R038,PERF07,Organizational Performance,4
R038,PERF08,Organizational Performance,4
R038,PERF09,Organizational Performance,4
R038,PERF10,Organizational Performance,4
R038,PERF11,Organizational Performance,4
R038,REL01,Relationship Assessment,4
R038,REL02,Relationship Assessment,4
R038,REL03,Relationship Assessment,5
R038,REL04,Relationship Assessment,2
R038,REL05,Relationship Assessment,2
R038,REL06,Relationship Assessment,5
R038,REL07,Relationship Assessment,5
R039,DIV01,Workforce Diversity,5
R039,DIV02,Workforce Diversity,4
R039,DIV03,Workforce Diversity,4
R039,DIV04,Workforce Diversity,4
R039,DIV05,Workforce Diversity,4
R039,DIV06,Workforce Diversity,4
R039,DIV07,Workforce Diversity,4
R039,DIV08,Workforce Diversity,2
R039,DIV09,Workforce Diversity,4
R039,INC01,Inclusion Practices,4
R039,INC02,Inclusion Practices,4
R039,INC03,Inclusion Practices,4
R039,INC04,Inclusion Practices,4
R039,INC05,Inclusion Practices,4
R039,INC06,Inclusion Practices,4
R039,INC07,Inclusion Practices,4
R039,INC08,Inclusion Practices,4
R039,INC09,Inclusion Practices,4
R039,INC10,Inclusion Practices,4
R039,PERF01,Organizational Performance,2
R039,PERF02,Organizational Performance,4
R039,PERF03,Organizational Performance,4
R039,PERF04,Organizational Performance,4
R039,PERF05,Organizational Performance,4
R039,PERF06,Organizational Performance,4
R039,PERF07,Organizational Performance,4
R039,PERF08,Organizational Performance,4
R039,PERF09,Organizational Performance,4
R039,PERF10,Organizational Performance,4
R039,PERF11,Organizational Performance,4
R039,REL01,Relationship Assessment,4
R039,REL02,Relationship Assessment,4
R039,REL03,Relationship Assessment,4
R039,REL04,Relationship Assessment,4
R039,REL05,Relationship Assessment,4
R039,REL06,Relationship Assessment,4
R039,REL07,Relationship Assessment,4
R040,DIV01,Workforce Diversity,4
R040,DIV02,Workforce Diversity,5
R040,DIV03,Workforce Diversity,2
R040,DIV04,Workforce Diversity,4
R040,DIV05,Workforce Diversity,5
R040,DIV06,Workforce Diversity,5
R040,DIV07,Workforce Diversity,5
R040,DIV08,Workforce Diversity,5
R040,DIV09,Workforce Diversity,4
R040,INC01,Inclusion Practices,4
R040,INC02,Inclusion Practices,5
R040,INC03,Inclusion Practices,4
R040,INC04,Inclusion Practices,5
R040,INC05,Inclusion Practices,5
R040,INC06,Inclusion Practices,4
R040,INC07,Inclusion Practices,4
R040,INC08,Inclusion Practices,4
R040,INC09,Inclusion Practices,5
R040,INC10,Inclusion Practices,4
R040,PERF01,Organizational Performance,4
R040,PERF02,Organizational Performance,5
R040,PERF03,Organizational Performance,4
R040,PERF04,Organizational Performance,5
R040,PERF05,Organizational Performance,5
R040,PERF06,Organizational Performance,2
R040,PERF07,Organizational Performance,2
R040,PERF08,Organizational Performance,4
R040,PERF09,Organizational Performance,5
R040,PERF10,Organizational Performance,5
R040,PERF11,Organizational Performance,4
R040,REL01,Relationship Assessment,4
R040,REL02,Relationship Assessment,5
R040,REL03,Relationship Assessment,4
R040,REL04,Relationship Assessment,5
R040,REL05,Relationship Assessment,3
R040,REL06,Relationship Assessment,5
R040,REL07,Relationship Assessment,4
R041,DIV01,Workforce Diversity,5
R041,DIV02,Workforce Diversity,5
R041,DIV03,Workforce Diversity,5
R041,DIV04,Workforce Diversity,5
R041,DIV05,Workforce Diversity,4
R041,DIV06,Workforce Diversity,5
R041,DIV07,Workforce Diversity,4
R041,DIV08,Workforce Diversity,4
R041,DIV09,Workforce Diversity,5
R041,INC01,Inclusion Practices,4
R041,INC02,Inclusion Practices,5
R041,INC03,Inclusion Practices,4
R041,INC04,Inclusion Practices,5
R041,INC05,Inclusion Practices,2
R041,INC06,Inclusion Practices,4
R041,INC07,Inclusion Practices,5
R041,INC08,Inclusion Practices,5
R041,INC09,Inclusion Practices,4
R041,INC10,Inclusion Practices,4
R041,PERF01,Organizational Performance,4
R041,PERF02,Organizational Performance,4
R041,PERF03,Organizational Performance,5
R041,PERF04,Organizational Performance,4
R041,PERF05,Organizational Performance,5
R041,PERF06,Organizational Performance,3
R041,PERF07,Organizational Performance,4
R041,PERF08,Organizational Performance,4
R041,PERF09,Organizational Performance,5
R041,PERF10,Organizational Performance,5
R041,PERF11,Organizational Performance,5
R041,REL01,Relationship Assessment,4
R041,REL02,Relationship Assessment,4
R041,REL03,Relationship Assessment,3
R041,REL04,Relationship Assessment,4
R041,REL05,Relationship Assessment,5
R041,REL06,Relationship Assessment,4
R041,REL07,Relationship Assessment,4
R042,DIV01,Workforce Diversity,4
R042,DIV02,Workforce Diversity,3
R042,DIV03,Workforce Diversity,5
R042,DIV04,Workforce Diversity,4
R042,DIV05,Workforce Diversity,4
R042,DIV06,Workforce Diversity,5
R042,DIV07,Workforce Diversity,5
R042,DIV08,Workforce Diversity,5
R042,DIV09,Workforce Diversity,5
R042,INC01,Inclusion Practices,3
R042,INC02,Inclusion Practices,4
R042,INC03,Inclusion Practices,4
R042,INC04,Inclusion Practices,3
R042,INC05,Inclusion Practices,4
R042,INC06,Inclusion Practices,5
R042,INC07,Inclusion Practices,3
R042,INC08,Inclusion Practices,4
R042,INC09,Inclusion Practices,4
R042,INC10,Inclusion Practices,3
R042,PERF01,Organizational Performance,5
R042,PERF02,Organizational Performance,5
R042,PERF03,Organizational Performance,5
R042,PERF04,Organizational Performance,4
R042,PERF05,Organizational Performance,4
R042,PERF06,Organizational Performance,3
R042,PERF07,Organizational Performance,5
R042,PERF08,Organizational Performance,4
R042,PERF09,Organizational Performance,4
R042,PERF10,Organizational Performance,5
R042,PERF11,Organizational Performance,5
R042,REL01,Relationship Assessment,4
R042,REL02,Relationship Assessment,2
R042,REL03,Relationship Assessment,5
R042,REL04,Relationship Assessment,4
R042,REL05,Relationship Assessment,4
R042,REL06,Relationship Assessment,4
R042,REL07,Relationship Assessment,2
R043,DIV01,Workforce Diversity,3
R043,DIV02,Workforce Diversity,5
R043,DIV03,Workforce Diversity,5
R043,DIV04,Workforce Diversity,4
R043,DIV05,Workforce Diversity,2
R043,DIV06,Workforce Diversity,5
R043,DIV07,Workforce Diversity,4
R043,DIV08,Workforce Diversity,4
R043,DIV09,Workforce Diversity,5
R043,INC01,Inclusion Practices,4
R043,INC02,Inclusion Practices,4
R043,INC03,Inclusion Practices,4
R043,INC04,Inclusion Practices,4
R043,INC05,Inclusion Practices,4
R043,INC06,Inclusion Practices,5
R043,INC07,Inclusion Practices,4
R043,INC08,Inclusion Practices,5
R043,INC09,Inclusion Practices,5
R043,INC10,Inclusion Practices,5
R043,PERF01,Organizational Performance,4
R043,PERF02,Organizational Performance,4
R043,PERF03,Organizational Performance,5
R043,PERF04,Organizational Performance,4
R043,PERF05,Organizational Performance,5
R043,PERF06,Organizational Performance,4
R043,PERF07,Organizational Performance,5
R043,PERF08,Organizational Performance,4
R043,PERF09,Organizational Performance,4
R043,PERF10,Organizational Performance,3
R043,PERF11,Organizational Performance,5
R043,REL01,Relationship Assessment,4
R043,REL02,Relationship Assessment,5
R043,REL03,Relationship Assessment,3
R043,REL04,Relationship Assessment,3
R043,REL05,Relationship Assessment,5
R043,REL06,Relationship Assessment,4
R043,REL07,Relationship Assessment,4
R044,DIV01,Workforce Diversity,3
R044,DIV02,Workforce Diversity,3
R044,DIV03,Workforce Diversity,4
R044,DIV04,Workforce Diversity,4
R044,DIV05,Workforce Diversity,5
R044,DIV06,Workforce Diversity,5
R044,DIV07,Workforce Diversity,3
R044,DIV08,Workforce Diversity,4
R044,DIV09,Workforce Diversity,5
R044,INC01,Inclusion Practices,5
R044,INC02,Inclusion Practices,4
R044,INC03,Inclusion Practices,5
R044,INC04,Inclusion Practices,5
R044,INC05,Inclusion Practices,4
R044,INC06,Inclusion Practices,4
R044,INC07,Inclusion Practices,4
R044,INC08,Inclusion Practices,5
R044,INC09,Inclusion Practices,4
R044,INC10,Inclusion Practices,5
R044,PERF01,Organizational Performance,5
R044,PERF02,Organizational Performance,4
R044,PERF03,Organizational Performance,4
R044,PERF04,Organizational Performance,4
R044,PERF05,Organizational Performance,4
R044,PERF06,Organizational Performance,4
R044,PERF07,Organizational Performance,5
R044,PERF08,Organizational Performance,4
R044,PERF09,Organizational Performance,5
R044,PERF10,Organizational Performance,5
R044,PERF11,Organizational Performance,2
R044,REL01,Relationship Assessment,4
R044,REL02,Relationship Assessment,3
R044,REL03,Relationship Assessment,4
R044,REL04,Relationship Assessment,4
R044,REL05,Relationship Assessment,4
R044,REL06,Relationship Assessment,4
R044,REL07,Relationship Assessment,4
R045,DIV01,Workforce Diversity,5
R045,DIV02,Workforce Diversity,3
R045,DIV03,Workforce Diversity,4
R045,DIV04,Workforce Diversity,2
R045,DIV05,Workforce Diversity,2
R045,DIV06,Workforce Diversity,4
R045,DIV07,Workforce Diversity,5
R045,DIV08,Workforce Diversity,4
R045,DIV09,Workforce Diversity,4
R045,INC01,Inclusion Practices,5
R045,INC02,Inclusion Practices,5
R045,INC03,Inclusion Practices,4
R045,INC04,Inclusion Practices,3
R045,INC05,Inclusion Practices,4
R045,INC06,Inclusion Practices,4
R045,INC07,Inclusion Practices,5
R045,INC08,Inclusion Practices,4
R045,INC09,Inclusion Practices,2
R045,INC10,Inclusion Practices,5
R045,PERF01,Organizational Performance,4
R045,PERF02,Organizational Performance,3
R045,PERF03,Organizational Performance,4
R045,PERF04,Organizational Performance,4
R045,PERF05,Organizational Performance,4
R045,PERF06,Organizational Performance,4
R045,PERF07,Organizational Performance,5
R045,PERF08,Organizational Performance,4
R045,PERF09,Organizational Performance,4
R045,PERF10,Organizational Performance,3
R045,PERF11,Organizational Performance,3
R045,REL01,Relationship Assessment,4
R045,REL02,Relationship Assessment,4
R045,REL03,Relationship Assessment,4
R045,REL04,Relationship Assessment,4
R045,REL05,Relationship Assessment,4
R045,REL06,Relationship Assessment,4
R045,REL07,Relationship Assessment,3
R046,DIV01,Workforce Diversity,5
R046,DIV02,Workforce Diversity,4
R046,DIV03,Workforce Diversity,4
R046,DIV04,Workforce Diversity,5
R046,DIV05,Workforce Diversity,4
R046,DIV06,Workforce Diversity,4
R046,DIV07,Workforce Diversity,5
R046,DIV08,Workforce Diversity,4
R046,DIV09,Workforce Diversity,5
R046,INC01,Inclusion Practices,5
R046,INC02,Inclusion Practices,4
R046,INC03,Inclusion Practices,4
R046,INC04,Inclusion Practices,4
R046,INC05,Inclusion Practices,4
R046,INC06,Inclusion Practices,2
R046,INC07,Inclusion Practices,4
R046,INC08,Inclusion Practices,5
R046,INC09,Inclusion Practices,4
R046,INC10,Inclusion Practices,5
R046,PERF01,Organizational Performance,4
R046,PERF02,Organizational Performance,5
R046,PERF03,Organizational Performance,5
R046,PERF04,Organizational Performance,2
R046,PERF05,Organizational Performance,4
R046,PERF06,Organizational Performance,4
R046,PERF07,Organizational Performance,4
R046,PERF08,Organizational Performance,5
R046,PERF09,Organizational Performance,5
R046,PERF10,Organizational Performance,5
R046,PERF11,Organizational Performance,4
R046,REL01,Relationship Assessment,4
R046,REL02,Relationship Assessment,4
R046,REL03,Relationship Assessment,5
R046,REL04,Relationship Assessment,2
R046,REL05,Relationship Assessment,4
R046,REL06,Relationship Assessment,4
R046,REL07,Relationship Assessment,4
R047,DIV01,Workforce Diversity,4
R047,DIV02,Workforce Diversity,5
R047,DIV03,Workforce Diversity,4
R047,DIV04,Workforce Diversity,4
R047,DIV05,Workforce Diversity,5
R047,DIV06,Workforce Diversity,4
R047,DIV07,Workforce Diversity,4
R047,DIV08,Workforce Diversity,4
R047,DIV09,Workforce Diversity,4
R047,INC01,Inclusion Practices,5
R047,INC02,Inclusion Practices,4
R047,INC03,Inclusion Practices,4
R047,INC04,Inclusion Practices,4
R047,INC05,Inclusion Practices,3
R047,INC06,Inclusion Practices,4
R047,INC07,Inclusion Practices,5
R047,INC08,Inclusion Practices,5
R047,INC09,Inclusion Practices,4
R047,INC10,Inclusion Practices,5
R047,PERF01,Organizational Performance,4
R047,PERF02,Organizational Performance,2
R047,PERF03,Organizational Performance,4
R047,PERF04,Organizational Performance,4
R047,PERF05,Organizational Performance,4
R047,PERF06,Organizational Performance,4
R047,PERF07,Organizational Performance,4
R047,PERF08,Organizational Performance,2
R047,PERF09,Organizational Performance,4
R047,PERF10,Organizational Performance,2
R047,PERF11,Organizational Performance,3
R047,REL01,Relationship Assessment,5
R047,REL02,Relationship Assessment,5
R047,REL03,Relationship Assessment,5
R047,REL04,Relationship Assessment,5
R047,REL05,Relationship Assessment,5
R047,REL06,Relationship Assessment,4
R047,REL07,Relationship Assessment,5
R048,DIV01,Workforce Diversity,4
R048,DIV02,Workforce Diversity,5
R048,DIV03,Workforce Diversity,5
R048,DIV04,Workforce Diversity,4
R048,DIV05,Workforce Diversity,4
R048,DIV06,Workforce Diversity,2
R048,DIV07,Workforce Diversity,4
R048,DIV08,Workforce Diversity,4
R048,DIV09,Workforce Diversity,4
R048,INC01,Inclusion Practices,4
R048,INC02,Inclusion Practices,3
R048,INC03,Inclusion Practices,3
R048,INC04,Inclusion Practices,4
R048,INC05,Inclusion Practices,4
R048,INC06,Inclusion Practices,4
R048,INC07,Inclusion Practices,5
R048,INC08,Inclusion Practices,3
R048,INC09,Inclusion Practices,4
R048,INC10,Inclusion Practices,4
R048,PERF01,Organizational Performance,5
R048,PERF02,Organizational Performance,3
R048,PERF03,Organizational Performance,4
R048,PERF04,Organizational Performance,5
R048,PERF05,Organizational Performance,3
R048,PERF06,Organizational Performance,5
R048,PERF07,Organizational Performance,5
R048,PERF08,Organizational Performance,2
R048,PERF09,Organizational Performance,2
R048,PERF10,Organizational Performance,4
R048,PERF11,Organizational Performance,4
R048,REL01,Relationship Assessment,4
R048,REL02,Relationship Assessment,5
R048,REL03,Relationship Assessment,5
R048,REL04,Relationship Assessment,4
R048,REL05,Relationship Assessment,4
R048,REL06,Relationship Assessment,4
R048,REL07,Relationship Assessment,4
R049,DIV01,Workforce Diversity,4
R049,DIV02,Workforce Diversity,5
R049,DIV03,Workforce Diversity,5
R049,DIV04,Workforce Diversity,4
R049,DIV05,Workforce Diversity,5
R049,DIV06,Workforce Diversity,4
R049,DIV07,Workforce Diversity,4
R049,DIV08,Workforce Diversity,5
R049,DIV09,Workforce Diversity,5
R049,INC01,Inclusion Practices,2
R049,INC02,Inclusion Practices,4
R049,INC03,Inclusion Practices,4
R049,INC04,Inclusion Practices,4
R049,INC05,Inclusion Practices,2
R049,INC06,Inclusion Practices,2
R049,INC07,Inclusion Practices,4
R049,INC08,Inclusion Practices,4
R049,INC09,Inclusion Practices,5
R049,INC10,Inclusion Practices,4
R049,PERF01,Organizational Performance,4
R049,PERF02,Organizational Performance,4
R049,PERF03,Organizational Performance,3
R049,PERF04,Organizational Performance,5
R049,PERF05,Organizational Performance,4
R049,PERF06,Organizational Performance,5
R049,PERF07,Organizational Performance,4
R049,PERF08,Organizational Performance,5
R049,PERF09,Organizational Performance,5
R049,PERF10,Organizational Performance,5
R049,PERF11,Organizational Performance,4
R049,REL01,Relationship Assessment,4
R049,REL02,Relationship Assessment,4
R049,REL03,Relationship Assessment,2
R049,REL04,Relationship Assessment,4
R049,REL05,Relationship Assessment,5
R049,REL06,Relationship Assessment,3
R049,REL07,Relationship Assessment,5
R050,DIV01,Workforce Diversity,4
R050,DIV02,Workforce Diversity,4
R050,DIV03,Workforce Diversity,4
R050,DIV04,Workforce Diversity,4
R050,DIV05,Workforce Diversity,4
R050,DIV06,Workforce Diversity,4
R050,DIV07,Workforce Diversity,3
R050,DIV08,Workforce Diversity,5
R050,DIV09,Workforce Diversity,5
R050,INC01,Inclusion Practices,2
R050,INC02,Inclusion Practices,3
R050,INC03,Inclusion Practices,4
R050,INC04,Inclusion Practices,4
R050,INC05,Inclusion Practices,5
R050,INC06,Inclusion Practices,5
R050,INC07,Inclusion Practices,4
R050,INC08,Inclusion Practices,4
R050,INC09,Inclusion Practices,4
R050,INC10,Inclusion Practices,5
R050,PERF01,Organizational Performance,2
R050,PERF02,Organizational Performance,2
R050,PERF03,Organizational Performance,4
R050,PERF04,Organizational Performance,4
R050,PERF05,Organizational Performance,5
R050,PERF06,Organizational Performance,4
R050,PERF07,Organizational Performance,4
R050,PERF08,Organizational Performance,5
R050,PERF09,Organizational Performance,3
R050,PERF10,Organizational Performance,4
R050,PERF11,Organizational Performance,2
R050,REL01,Relationship Assessment,4
R050,REL02,Relationship Assessment,4
R050,REL03,Relationship Assessment,4
R050,REL04,Relationship Assessment,3
R050,REL05,Relationship Assessment,3
R050,REL06,Relationship Assessment,5
R050,REL07,Relationship Assessment,5
R051,DIV01,Workforce Diversity,4
R051,DIV02,Workforce Diversity,5
R051,DIV03,Workforce Diversity,5
R051,DIV04,Workforce Diversity,3
R051,DIV05,Workforce Diversity,4
R051,DIV06,Workforce Diversity,1
R051,DIV07,Workforce Diversity,1
R051,DIV08,Workforce Diversity,4
R051,DIV09,Workforce Diversity,4
R051,INC01,Inclusion Practices,2
R051,INC02,Inclusion Practices,4
R051,INC03,Inclusion Practices,5
R051,INC04,Inclusion Practices,4
R051,INC05,Inclusion Practices,5
R051,INC06,Inclusion Practices,2
R051,INC07,Inclusion Practices,4
R051,INC08,Inclusion Practices,5
R051,INC09,Inclusion Practices,4
R051,INC10,Inclusion Practices,4
R051,PERF01,Organizational Performance,4
R051,PERF02,Organizational Performance,5
R051,PERF03,Organizational Performance,4
R051,PERF04,Organizational Performance,4
R051,PERF05,Organizational Performance,4
R051,PERF06,Organizational Performance,4
R051,PERF07,Organizational Performance,4
R051,PERF08,Organizational Performance,4
R051,PERF09,Organizational Performance,4
R051,PERF10,Organizational Performance,3
R051,PERF11,Organizational Performance,4
R051,REL01,Relationship Assessment,5
R051,REL02,Relationship Assessment,5
R051,REL03,Relationship Assessment,4
R051,REL04,Relationship Assessment,4
R051,REL05,Relationship Assessment,4
R051,REL06,Relationship Assessment,5
R051,REL07,Relationship Assessment,5
R052,DIV01,Workforce Diversity,4
R052,DIV02,Workforce Diversity,3
R052,DIV03,Workforce Diversity,2
R052,DIV04,Workforce Diversity,5
R052,DIV05,Workforce Diversity,3
R052,DIV06,Workforce Diversity,4
R052,DIV07,Workforce Diversity,5
R052,DIV08,Workforce Diversity,4
R052,DIV09,Workforce Diversity,2
R052,INC01,Inclusion Practices,4
R052,INC02,Inclusion Practices,5
R052,INC03,Inclusion Practices,4
R052,INC04,Inclusion Practices,5
R052,INC05,Inclusion Practices,5
R052,INC06,Inclusion Practices,5
R052,INC07,Inclusion Practices,5
R052,INC08,Inclusion Practices,5
R052,INC09,Inclusion Practices,5
R052,INC10,Inclusion Practices,4
R052,PERF01,Organizational Performance,5
R052,PERF02,Organizational Performance,4
R052,PERF03,Organizational Performance,3
R052,PERF04,Organizational Performance,4
R052,PERF05,Organizational Performance,4
R052,PERF06,Organizational Performance,5
R052,PERF07,Organizational Performance,5
R052,PERF08,Organizational Performance,5
R052,PERF09,Organizational Performance,5
R052,PERF10,Organizational Performance,5
R052,PERF11,Organizational Performance,5
R052,REL01,Relationship Assessment,5
R052,REL02,Relationship Assessment,5
R052,REL03,Relationship Assessment,4
R052,REL04,Relationship Assessment,5
R052,REL05,Relationship Assessment,4
R052,REL06,Relationship Assessment,4
R052,REL07,Relationship Assessment,4
R053,DIV01,Workforce Diversity,5
R053,DIV02,Workforce Diversity,5
R053,DIV03,Workforce Diversity,4
R053,DIV04,Workforce Diversity,4
R053,DIV05,Workforce Diversity,4
R053,DIV06,Workforce Diversity,4
R053,DIV07,Workforce Diversity,4
R053,DIV08,Workforce Diversity,4
R053,DIV09,Workforce Diversity,5
R053,INC01,Inclusion Practices,5
R053,INC02,Inclusion Practices,4
R053,INC03,Inclusion Practices,3
R053,INC04,Inclusion Practices,4
R053,INC05,Inclusion Practices,4
R053,INC06,Inclusion Practices,5
R053,INC07,Inclusion Practices,4
R053,INC08,Inclusion Practices,4
R053,INC09,Inclusion Practices,5
R053,INC10,Inclusion Practices,5
R053,PERF01,Organizational Performance,4
R053,PERF02,Organizational Performance,5
R053,PERF03,Organizational Performance,5
R053,PERF04,Organizational Performance,5
R053,PERF05,Organizational Performance,5
R053,PERF06,Organizational Performance,5
R053,PERF07,Organizational Performance,3
R053,PERF08,Organizational Performance,4
R053,PERF09,Organizational Performance,4
R053,PERF10,Organizational Performance,4
R053,PERF11,Organizational Performance,4
R053,REL01,Relationship Assessment,5
R053,REL02,Relationship Assessment,4
R053,REL03,Relationship Assessment,4
R053,REL04,Relationship Assessment,4
R053,REL05,Relationship Assessment,4
R053,REL06,Relationship Assessment,5
R053,REL07,Relationship Assessment,5
R054,DIV01,Workforce Diversity,5
R054,DIV02,Workforce Diversity,5
R054,DIV03,Workforce Diversity,5
R054,DIV04,Workforce Diversity,5
R054,DIV05,Workforce Diversity,3
R054,DIV06,Workforce Diversity,5
R054,DIV07,Workforce Diversity,4
R054,DIV08,Workforce Diversity,4
R054,DIV09,Workforce Diversity,2
R054,INC01,Inclusion Practices,5
R054,INC02,Inclusion Practices,4
R054,INC03,Inclusion Practices,2
R054,INC04,Inclusion Practices,3
R054,INC05,Inclusion Practices,4
R054,INC06,Inclusion Practices,5
R054,INC07,Inclusion Practices,5
R054,INC08,Inclusion Practices,4
R054,INC09,Inclusion Practices,3
R054,INC10,Inclusion Practices,4
R054,PERF01,Organizational Performance,4
R054,PERF02,Organizational Performance,5
R054,PERF03,Organizational Performance,4
R054,PERF04,Organizational Performance,5
R054,PERF05,Organizational Performance,5
R054,PERF06,Organizational Performance,4
R054,PERF07,Organizational Performance,4
R054,PERF08,Organizational Performance,5
R054,PERF09,Organizational Performance,5
R054,PERF10,Organizational Performance,4
R054,PERF11,Organizational Performance,5
R054,REL01,Relationship Assessment,4
R054,REL02,Relationship Assessment,5
R054,REL03,Relationship Assessment,4
R054,REL04,Relationship Assessment,4
R054,REL05,Relationship Assessment,5
R054,REL06,Relationship Assessment,4
R054,REL07,Relationship Assessment,5
R055,DIV01,Workforce Diversity,4
R055,DIV02,Workforce Diversity,3
R055,DIV03,Workforce Diversity,4
R055,DIV04,Workforce Diversity,2
R055,DIV05,Workforce Diversity,5
R055,DIV06,Workforce Diversity,4
R055,DIV07,Workforce Diversity,2
R055,DIV08,Workforce Diversity,5
R055,DIV09,Workforce Diversity,5
R055,INC01,Inclusion Practices,4
R055,INC02,Inclusion Practices,4
R055,INC03,Inclusion Practices,4
R055,INC04,Inclusion Practices,5
R055,INC05,Inclusion Practices,4
R055,INC06,Inclusion Practices,5
R055,INC07,Inclusion Practices,5
R055,INC08,Inclusion Practices,5
R055,INC09,Inclusion Practices,4
R055,INC10,Inclusion Practices,4
R055,PERF01,Organizational Performance,4
R055,PERF02,Organizational Performance,4
R055,PERF03,Organizational Performance,3
R055,PERF04,Organizational Performance,4
R055,PERF05,Organizational Performance,4
R055,PERF06,Organizational Performance,4
R055,PERF07,Organizational Performance,4
R055,PERF08,Organizational Performance,4
R055,PERF09,Organizational Performance,5
R055,PERF10,Organizational Performance,4
R055,PERF11,Organizational Performance,4
R055,REL01,Relationship Assessment,5
R055,REL02,Relationship Assessment,3
R055,REL03,Relationship Assessment,4
R055,REL04,Relationship Assessment,4
R055,REL05,Relationship Assessment,3
R055,REL06,Relationship Assessment,4
R055,REL07,Relationship Assessment,5
R056,DIV01,Workforce Diversity,5
R056,DIV02,Workforce Diversity,5
R056,DIV03,Workforce Diversity,4
R056,DIV04,Workforce Diversity,5
R056,DIV05,Workforce Diversity,4
R056,DIV06,Workforce Diversity,4
R056,DIV07,Workforce Diversity,3
R056,DIV08,Workforce Diversity,4
R056,DIV09,Workforce Diversity,4
R056,INC01,Inclusion Practices,5
R056,INC02,Inclusion Practices,4
R056,INC03,Inclusion Practices,5
R056,INC04,Inclusion Practices,4
R056,INC05,Inclusion Practices,4
R056,INC06,Inclusion Practices,5
R056,INC07,Inclusion Practices,5
R056,INC08,Inclusion Practices,4
R056,INC09,Inclusion Practices,4
R056,INC10,Inclusion Practices,4
R056,PERF01,Organizational Performance,4
R056,PERF02,Organizational Performance,4
R056,PERF03,Organizational Performance,5
R056,PERF04,Organizational Performance,4
R056,PERF05,Organizational Performance,5
R056,PERF06,Organizational Performance,3
R056,PERF07,Organizational Performance,4
R056,PERF08,Organizational Performance,4
R056,PERF09,Organizational Performance,4
R056,PERF10,Organizational Performance,2
R056,PERF11,Organizational Performance,5
R056,REL01,Relationship Assessment,4
R056,REL02,Relationship Assessment,4
R056,REL03,Relationship Assessment,4
R056,REL04,Relationship Assessment,5
R056,REL05,Relationship Assessment,3
R056,REL06,Relationship Assessment,3
R056,REL07,Relationship Assessment,4
R057,DIV01,Workforce Diversity,4
R057,DIV02,Workforce Diversity,5
R057,DIV03,Workforce Diversity,2
R057,DIV04,Workforce Diversity,4
R057,DIV05,Workforce Diversity,5
R057,DIV06,Workforce Diversity,3
R057,DIV07,Workforce Diversity,3
R057,DIV08,Workforce Diversity,4
R057,DIV09,Workforce Diversity,4
R057,INC01,Inclusion Practices,4
R057,INC02,Inclusion Practices,5
R057,INC03,Inclusion Practices,4
R057,INC04,Inclusion Practices,4
R057,INC05,Inclusion Practices,5
R057,INC06,Inclusion Practices,4
R057,INC07,Inclusion Practices,4
R057,INC08,Inclusion Practices,4
R057,INC09,Inclusion Practices,3
R057,INC10,Inclusion Practices,4
R057,PERF01,Organizational Performance,4
R057,PERF02,Organizational Performance,4
R057,PERF03,Organizational Performance,4
R057,PERF04,Organizational Performance,5
R057,PERF05,Organizational Performance,4
R057,PERF06,Organizational Performance,5
R057,PERF07,Organizational Performance,5
R057,PERF08,Organizational Performance,4
R057,PERF09,Organizational Performance,4
R057,PERF10,Organizational Performance,3
R057,PERF11,Organizational Performance,4
R057,REL01,Relationship Assessment,4
R057,REL02,Relationship Assessment,4
R057,REL03,Relationship Assessment,5
R057,REL04,Relationship Assessment,4
R057,REL05,Relationship Assessment,5
R057,REL06,Relationship Assessment,2
R057,REL07,Relationship Assessment,5
R058,DIV01,Workforce Diversity,5
R058,DIV02,Workforce Diversity,5
R058,DIV03,Workforce Diversity,4
R058,DIV04,Workforce Diversity,4
R058,DIV05,Workforce Diversity,5
R058,DIV06,Workforce Diversity,4
R058,DIV07,Workforce Diversity,4
R058,DIV08,Workforce Diversity,4
R058,DIV09,Workforce Diversity,4
R058,INC01,Inclusion Practices,4
R058,INC02,Inclusion Practices,4
R058,INC03,Inclusion Practices,5
R058,INC04,Inclusion Practices,5
R058,INC05,Inclusion Practices,3
R058,INC06,Inclusion Practices,2
R058,INC07,Inclusion Practices,4
R058,INC08,Inclusion Practices,5
R058,INC09,Inclusion Practices,4
R058,INC10,Inclusion Practices,4
R058,PERF01,Organizational Performance,5
R058,PERF02,Organizational Performance,5
R058,PERF03,Organizational Performance,4
R058,PERF04,Organizational Performance,4
R058,PERF05,Organizational Performance,5
R058,PERF06,Organizational Performance,5
R058,PERF07,Organizational Performance,5
R058,PERF08,Organizational Performance,4
R058,PERF09,Organizational Performance,5
R058,PERF10,Organizational Performance,5
R058,PERF11,Organizational Performance,4
R058,REL01,Relationship Assessment,5
R058,REL02,Relationship Assessment,4
R058,REL03,Relationship Assessment,5
R058,REL04,Relationship Assessment,5
R058,REL05,Relationship Assessment,5
R058,REL06,Relationship Assessment,4
R058,REL07,Relationship Assessment,3
R059,DIV01,Workforce Diversity,5
R059,DIV02,Workforce Diversity,4
R059,DIV03,Workforce Diversity,4
R059,DIV04,Workforce Diversity,3
R059,DIV05,Workforce Diversity,4
R059,DIV06,Workforce Diversity,4
R059,DIV07,Workforce Diversity,5
R059,DIV08,Workforce Diversity,4
R059,DIV09,Workforce Diversity,4
R059,INC01,Inclusion Practices,5
R059,INC02,Inclusion Practices,4
R059,INC03,Inclusion Practices,4
R059,INC04,Inclusion Practices,4
R059,INC05,Inclusion Practices,4
R059,INC06,Inclusion Practices,5
R059,INC07,Inclusion Practices,2
R059,INC08,Inclusion Practices,4
R059,INC09,Inclusion Practices,5
R059,INC10,Inclusion Practices,3
R059,PERF01,Organizational Performance,4
R059,PERF02,Organizational Performance,3
R059,PERF03,Organizational Performance,4
R059,PERF04,Organizational Performance,4
R059,PERF05,Organizational Performance,5
R059,PERF06,Organizational Performance,5
R059,PERF07,Organizational Performance,4
R059,PERF08,Organizational Performance,4
R059,PERF09,Organizational Performance,5
R059,PERF10,Organizational Performance,5
R059,PERF11,Organizational Performance,4
R059,REL01,Relationship Assessment,2
R059,REL02,Relationship Assessment,4
R059,REL03,Relationship Assessment,5
R059,REL04,Relationship Assessment,5
R059,REL05,Relationship Assessment,5
R059,REL06,Relationship Assessment,3
R059,REL07,Relationship Assessment,5
R060,DIV01,Workforce Diversity,4
R060,DIV02,Workforce Diversity,4
R060,DIV03,Workforce Diversity,4
R060,DIV04,Workforce Diversity,5
R060,DIV05,Workforce Diversity,3
R060,DIV06,Workforce Diversity,4
R060,DIV07,Workforce Diversity,4
R060,DIV08,Workforce Diversity,4
R060,DIV09,Workforce Diversity,5
R060,INC01,Inclusion Practices,5
R060,INC02,Inclusion Practices,4
R060,INC03,Inclusion Practices,5
R060,INC04,Inclusion Practices,4
R060,INC05,Inclusion Practices,5
R060,INC06,Inclusion Practices,4
R060,INC07,Inclusion Practices,5
R060,INC08,Inclusion Practices,4
R060,INC09,Inclusion Practices,4
R060,INC10,Inclusion Practices,5
R060,PERF01,Organizational Performance,4
R060,PERF02,Organizational Performance,4
R060,PERF03,Organizational Performance,4
R060,PERF04,Organizational Performance,3
R060,PERF05,Organizational Performance,4
R060,PERF06,Organizational Performance,5
R060,PERF07,Organizational Performance,5
R060,PERF08,Organizational Performance,5
R060,PERF09,Organizational Performance,4
R060,PERF10,Organizational Performance,5
R060,PERF11,Organizational Performance,4
R060,REL01,Relationship Assessment,4
R060,REL02,Relationship Assessment,4
R060,REL03,Relationship Assessment,4
R060,REL04,Relationship Assessment,5
R060,REL05,Relationship Assessment,5
R060,REL06,Relationship Assessment,4
R060,REL07,Relationship Assessment,4
R061,DIV01,Workforce Diversity,3
R061,DIV02,Workforce Diversity,5
R061,DIV03,Workforce Diversity,2
R061,DIV04,Workforce Diversity,4
R061,DIV05,Workforce Diversity,5
R061,DIV06,Workforce Diversity,4
R061,DIV07,Workforce Diversity,3
R061,DIV08,Workforce Diversity,4
R061,DIV09,Workforce Diversity,4
R061,INC01,Inclusion Practices,4
R061,INC02,Inclusion Practices,4
R061,INC03,Inclusion Practices,4
R061,INC04,Inclusion Practices,5
R061,INC05,Inclusion Practices,4
R061,INC06,Inclusion Practices,5
R061,INC07,Inclusion Practices,2
R061,INC08,Inclusion Practices,2
R061,INC09,Inclusion Practices,5
R061,INC10,Inclusion Practices,4
R061,PERF01,Organizational Performance,3
R061,PERF02,Organizational Performance,5
R061,PERF03,Organizational Performance,4
R061,PERF04,Organizational Performance,3
R061,PERF05,Organizational Performance,5
R061,PERF06,Organizational Performance,4
R061,PERF07,Organizational Performance,5
R061,PERF08,Organizational Performance,3
R061,PERF09,Organizational Performance,2
R061,PERF10,Organizational Performance,2
R061,PERF11,Organizational Performance,4
R061,REL01,Relationship Assessment,3
R061,REL02,Relationship Assessment,4
R061,REL03,Relationship Assessment,5
R061,REL04,Relationship Assessment,4
R061,REL05,Relationship Assessment,5
R061,REL06,Relationship Assessment,4
R061,REL07,Relationship Assessment,5
R062,DIV01,Workforce Diversity,4
R062,DIV02,Workforce Diversity,3
R062,DIV03,Workforce Diversity,4
R062,DIV04,Workforce Diversity,5
R062,DIV05,Workforce Diversity,5
R062,DIV06,Workforce Diversity,3
R062,DIV07,Workforce Diversity,5
R062,DIV08,Workforce Diversity,3
R062,DIV09,Workforce Diversity,4
R062,INC01,Inclusion Practices,2
R062,INC02,Inclusion Practices,4
R062,INC03,Inclusion Practices,1
R062,INC04,Inclusion Practices,4
R062,INC05,Inclusion Practices,4
R062,INC06,Inclusion Practices,4
R062,INC07,Inclusion Practices,4
R062,INC08,Inclusion Practices,4
R062,INC09,Inclusion Practices,3
R062,INC10,Inclusion Practices,2
R062,PERF01,Organizational Performance,4
R062,PERF02,Organizational Performance,4
R062,PERF03,Organizational Performance,4
R062,PERF04,Organizational Performance,4
R062,PERF05,Organizational Performance,5
R062,PERF06,Organizational Performance,5
R062,PERF07,Organizational Performance,4
R062,PERF08,Organizational Performance,5
R062,PERF09,Organizational Performance,5
R062,PERF10,Organizational Performance,5
R062,PERF11,Organizational Performance,5
R062,REL01,Relationship Assessment,5
R062,REL02,Relationship Assessment,2
R062,REL03,Relationship Assessment,4
R062,REL04,Relationship Assessment,4
R062,REL05,Relationship Assessment,4
R062,REL06,Relationship Assessment,5
R062,REL07,Relationship Assessment,2
R063,DIV01,Workforce Diversity,2
R063,DIV02,Workforce Diversity,4
R063,DIV03,Workforce Diversity,4
R063,DIV04,Workforce Diversity,4
R063,DIV05,Workforce Diversity,5
R063,DIV06,Workforce Diversity,5
R063,DIV07,Workforce Diversity,5
R063,DIV08,Workforce Diversity,5
R063,DIV09,Workforce Diversity,4
R063,INC01,Inclusion Practices,4
R063,INC02,Inclusion Practices,5
R063,INC03,Inclusion Practices,2
R063,INC04,Inclusion Practices,3
R063,INC05,Inclusion Practices,3
R063,INC06,Inclusion Practices,1
R063,INC07,Inclusion Practices,5
R063,INC08,Inclusion Practices,4
R063,INC09,Inclusion Practices,4
R063,INC10,Inclusion Practices,4
R063,PERF01,Organizational Performance,5
R063,PERF02,Organizational Performance,4
R063,PERF03,Organizational Performance,5
R063,PERF04,Organizational Performance,5
R063,PERF05,Organizational Performance,4
R063,PERF06,Organizational Performance,4
R063,PERF07,Organizational Performance,4
R063,PERF08,Organizational Performance,5
R063,PERF09,Organizational Performance,3
R063,PERF10,Organizational Performance,5
R063,PERF11,Organizational Performance,5
R063,REL01,Relationship Assessment,3
R063,REL02,Relationship Assessment,2
R063,REL03,Relationship Assessment,3
R063,REL04,Relationship Assessment,4
R063,REL05,Relationship Assessment,4
R063,REL06,Relationship Assessment,4
R063,REL07,Relationship Assessment,5
R064,DIV01,Workforce Diversity,4
R064,DIV02,Workforce Diversity,4
R064,DIV03,Workforce Diversity,4
R064,DIV04,Workforce Diversity,4
R064,DIV05,Workforce Diversity,4
R064,DIV06,Workforce Diversity,4
R064,DIV07,Workforce Diversity,4
R064,DIV08,Workforce Diversity,5
R064,DIV09,Workforce Diversity,3
R064,INC01,Inclusion Practices,4
R064,INC02,Inclusion Practices,4
R064,INC03,Inclusion Practices,4
R064,INC04,Inclusion Practices,3
R064,INC05,Inclusion Practices,4
R064,INC06,Inclusion Practices,4
R064,INC07,Inclusion Practices,4
R064,INC08,Inclusion Practices,4
R064,INC09,Inclusion Practices,4
R064,INC10,Inclusion Practices,4
R064,PERF01,Organizational Performance,5
R064,PERF02,Organizational Performance,3
R064,PERF03,Organizational Performance,3
R064,PERF04,Organizational Performance,5
R064,PERF05,Organizational Performance,4
R064,PERF06,Organizational Performance,5
R064,PERF07,Organizational Performance,4
R064,PERF08,Organizational Performance,4
R064,PERF09,Organizational Performance,5
R064,PERF10,Organizational Performance,4
R064,PERF11,Organizational Performance,4
R064,REL01,Relationship Assessment,4
R064,REL02,Relationship Assessment,5
R064,REL03,Relationship Assessment,5
R064,REL04,Relationship Assessment,4
R064,REL05,Relationship Assessment,2
R064,REL06,Relationship Assessment,4
R064,REL07,Relationship Assessment,5
R065,DIV01,Workforce Diversity,5
R065,DIV02,Workforce Diversity,2
R065,DIV03,Workforce Diversity,4
R065,DIV04,Workforce Diversity,5
R065,DIV05,Workforce Diversity,5
R065,DIV06,Workforce Diversity,4
R065,DIV07,Workforce Diversity,5
R065,DIV08,Workforce Diversity,4
R065,DIV09,Workforce Diversity,4
R065,INC01,Inclusion Practices,4
R065,INC02,Inclusion Practices,5
R065,INC03,Inclusion Practices,3
R065,INC04,Inclusion Practices,2
R065,INC05,Inclusion Practices,2
R065,INC06,Inclusion Practices,4
R065,INC07,Inclusion Practices,5
R065,INC08,Inclusion Practices,4
R065,INC09,Inclusion Practices,5
R065,INC10,Inclusion Practices,5
R065,PERF01,Organizational Performance,5
R065,PERF02,Organizational Performance,4
R065,PERF03,Organizational Performance,4
R065,PERF04,Organizational Performance,4
R065,PERF05,Organizational Performance,4
R065,PERF06,Organizational Performance,5
R065,PERF07,Organizational Performance,1
R065,PERF08,Organizational Performance,4
R065,PERF09,Organizational Performance,4
R065,PERF10,Organizational Performance,5
R065,PERF11,Organizational Performance,4
R065,REL01,Relationship Assessment,4
R065,REL02,Relationship Assessment,5
R065,REL03,Relationship Assessment,5
R065,REL04,Relationship Assessment,4
R065,REL05,Relationship Assessment,4
R065,REL06,Relationship Assessment,5
R065,REL07,Relationship Assessment,2
R066,DIV01,Workforce Diversity,5
R066,DIV02,Workforce Diversity,5
R066,DIV03,Workforce Diversity,5
R066,DIV04,Workforce Diversity,4
R066,DIV05,Workforce Diversity,4
R066,DIV06,Workforce Diversity,3
R066,DIV07,Workforce Diversity,4
R066,DIV08,Workforce Diversity,2
R066,DIV09,Workforce Diversity,5
R066,INC01,Inclusion Practices,3
R066,INC02,Inclusion Practices,4
R066,INC03,Inclusion Practices,4
R066,INC04,Inclusion Practices,4
R066,INC05,Inclusion Practices,4
R066,INC06,Inclusion Practices,4
R066,INC07,Inclusion Practices,5
R066,INC08,Inclusion Practices,5
R066,INC09,Inclusion Practices,3
R066,INC10,Inclusion Practices,4
R066,PERF01,Organizational Performance,4
R066,PERF02,Organizational Performance,4
R066,PERF03,Organizational Performance,5
R066,PERF04,Organizational Performance,5
R066,PERF05,Organizational Performance,4
R066,PERF06,Organizational Performance,4
R066,PERF07,Organizational Performance,5
R066,PERF08,Organizational Performance,4
R066,PERF09,Organizational Performance,5
R066,PERF10,Organizational Performance,4
R066,PERF11,Organizational Performance,5
R066,REL01,Relationship Assessment,4
R066,REL02,Relationship Assessment,5
R066,REL03,Relationship Assessment,4
R066,REL04,Relationship Assessment,5
R066,REL05,Relationship Assessment,5
R066,REL06,Relationship Assessment,4
R066,REL07,Relationship Assessment,4
R067,DIV01,Workforce Diversity,5
R067,DIV02,Workforce Diversity,4
R067,DIV03,Workforce Diversity,4
R067,DIV04,Workforce Diversity,4
R067,DIV05,Workforce Diversity,4
R067,DIV06,Workforce Diversity,5
R067,DIV07,Workforce Diversity,5
R067,DIV08,Workforce Diversity,4
R067,DIV09,Workforce Diversity,5
R067,INC01,Inclusion Practices,4
R067,INC02,Inclusion Practices,5
R067,INC03,Inclusion Practices,5
R067,INC04,Inclusion Practices,4
R067,INC05,Inclusion Practices,5
R067,INC06,Inclusion Practices,4
R067,INC07,Inclusion Practices,4
R067,INC08,Inclusion Practices,4
R067,INC09,Inclusion Practices,5
R067,INC10,Inclusion Practices,5
R067,PERF01,Organizational Performance,5
R067,PERF02,Organizational Performance,4
R067,PERF03,Organizational Performance,4
R067,PERF04,Organizational Performance,5
R067,PERF05,Organizational Performance,3
R067,PERF06,Organizational Performance,5
R067,PERF07,Organizational Performance,4
R067,PERF08,Organizational Performance,4
R067,PERF09,Organizational Performance,3
R067,PERF10,Organizational Performance,4
R067,PERF11,Organizational Performance,4
R067,REL01,Relationship Assessment,4
R067,REL02,Relationship Assessment,4
R067,REL03,Relationship Assessment,5
R067,REL04,Relationship Assessment,3
R067,REL05,Relationship Assessment,4
R067,REL06,Relationship Assessment,4
R067,REL07,Relationship Assessment,4
R068,DIV01,Workforce Diversity,4
R068,DIV02,Workforce Diversity,5
R068,DIV03,Workforce Diversity,4
R068,DIV04,Workforce Diversity,4
R068,DIV05,Workforce Diversity,4
R068,DIV06,Workforce Diversity,4
R068,DIV07,Workforce Diversity,4
R068,DIV08,Workforce Diversity,5
R068,DIV09,Workforce Diversity,1
R068,INC01,Inclusion Practices,2
R068,INC02,Inclusion Practices,4
R068,INC03,Inclusion Practices,5
R068,INC04,Inclusion Practices,4
R068,INC05,Inclusion Practices,5
R068,INC06,Inclusion Practices,5
R068,INC07,Inclusion Practices,5
R068,INC08,Inclusion Practices,4
R068,INC09,Inclusion Practices,3
R068,INC10,Inclusion Practices,4
R068,PERF01,Organizational Performance,4
R068,PERF02,Organizational Performance,4
R068,PERF03,Organizational Performance,4
R068,PERF04,Organizational Performance,4
R068,PERF05,Organizational Performance,2
R068,PERF06,Organizational Performance,5
R068,PERF07,Organizational Performance,3
R068,PERF08,Organizational Performance,4
R068,PERF09,Organizational Performance,4
R068,PERF10,Organizational Performance,4
R068,PERF11,Organizational Performance,4
R068,REL01,Relationship Assessment,3
R068,REL02,Relationship Assessment,3
R068,REL03,Relationship Assessment,4
R068,REL04,Relationship Assessment,5
R068,REL05,Relationship Assessment,4
R068,REL06,Relationship Assessment,3
R068,REL07,Relationship Assessment,5
R069,DIV01,Workforce Diversity,4
R069,DIV02,Workforce Diversity,4
R069,DIV03,Workforce Diversity,5
R069,DIV04,Workforce Diversity,3
R069,DIV05,Workforce Diversity,4
R069,DIV06,Workforce Diversity,4
R069,DIV07,Workforce Diversity,4
R069,DIV08,Workforce Diversity,4
R069,DIV09,Workforce Diversity,5
R069,INC01,Inclusion Practices,4
R069,INC02,Inclusion Practices,2
R069,INC03,Inclusion Practices,5
R069,INC04,Inclusion Practices,4
R069,INC05,Inclusion Practices,5
R069,INC06,Inclusion Practices,4
R069,INC07,Inclusion Practices,5
R069,INC08,Inclusion Practices,2
R069,INC09,Inclusion Practices,4
R069,INC10,Inclusion Practices,5
R069,PERF01,Organizational Performance,5
R069,PERF02,Organizational Performance,5
R069,PERF03,Organizational Performance,4
R069,PERF04,Organizational Performance,4
R069,PERF05,Organizational Performance,4
R069,PERF06,Organizational Performance,4
R069,PERF07,Organizational Performance,5
R069,PERF08,Organizational Performance,4
R069,PERF09,Organizational Performance,4
R069,PERF10,Organizational Performance,5
R069,PERF11,Organizational Performance,5
R069,REL01,Relationship Assessment,5
R069,REL02,Relationship Assessment,4
R069,REL03,Relationship Assessment,4
R069,REL04,Relationship Assessment,4
R069,REL05,Relationship Assessment,4
R069,REL06,Relationship Assessment,4
R069,REL07,Relationship Assessment,4
R070,DIV01,Workforce Diversity,3
R070,DIV02,Workforce Diversity,5
R070,DIV03,Workforce Diversity,4
R070,DIV04,Workforce Diversity,5
R070,DIV05,Workforce Diversity,5
R070,DIV06,Workforce Diversity,2
R070,DIV07,Workforce Diversity,2
R070,DIV08,Workforce Diversity,5
R070,DIV09,Workforce Diversity,2
R070,INC01,Inclusion Practices,4
R070,INC02,Inclusion Practices,3
R070,INC03,Inclusion Practices,4
R070,INC04,Inclusion Practices,4
R070,INC05,Inclusion Practices,4
R070,INC06,Inclusion Practices,4
R070,INC07,Inclusion Practices,5
R070,INC08,Inclusion Practices,5
R070,INC09,Inclusion Practices,5
R070,INC10,Inclusion Practices,4
R070,PERF01,Organizational Performance,5
R070,PERF02,Organizational Performance,4
R070,PERF03,Organizational Performance,2
R070,PERF04,Organizational Performance,5
R070,PERF05,Organizational Performance,4
R070,PERF06,Organizational Performance,4
R070,PERF07,Organizational Performance,3
R070,PERF08,Organizational Performance,5
R070,PERF09,Organizational Performance,4
R070,PERF10,Organizational Performance,4
R070,PERF11,Organizational Performance,2
R070,REL01,Relationship Assessment,4
R070,REL02,Relationship Assessment,4
R070,REL03,Relationship Assessment,4
R070,REL04,Relationship Assessment,3
R070,REL05,Relationship Assessment,4
R070,REL06,Relationship Assessment,5
R070,REL07,Relationship Assessment,3
R071,DIV01,Workforce Diversity,2
R071,DIV02,Workforce Diversity,4
R071,DIV03,Workforce Diversity,3
R071,DIV04,Workforce Diversity,4
R071,DIV05,Workforce Diversity,4
R071,DIV06,Workforce Diversity,4
R071,DIV07,Workforce Diversity,3
R071,DIV08,Workforce Diversity,4
R071,DIV09,Workforce Diversity,5
R071,INC01,Inclusion Practices,4
R071,INC02,Inclusion Practices,4
R071,INC03,Inclusion Practices,4
R071,INC04,Inclusion Practices,4
R071,INC05,Inclusion Practices,4
R071,INC06,Inclusion Practices,4
R071,INC07,Inclusion Practices,5
R071,INC08,Inclusion Practices,4
R071,INC09,Inclusion Practices,5
R071,INC10,Inclusion Practices,5
R071,PERF01,Organizational Performance,4
R071,PERF02,Organizational Performance,4
R071,PERF03,Organizational Performance,4
R071,PERF04,Organizational Performance,4
R071,PERF05,Organizational Performance,4
R071,PERF06,Organizational Performance,5
R071,PERF07,Organizational Performance,4
R071,PERF08,Organizational Performance,5
R071,PERF09,Organizational Performance,5
R071,PERF10,Organizational Performance,4
R071,PERF11,Organizational Performance,4
R071,REL01,Relationship Assessment,4
R071,REL02,Relationship Assessment,4
R071,REL03,Relationship Assessment,4
R071,REL04,Relationship Assessment,3
R071,REL05,Relationship Assessment,4
R071,REL06,Relationship Assessment,4
R071,REL07,Relationship Assessment,5
R072,DIV01,Workforce Diversity,5
R072,DIV02,Workforce Diversity,5
R072,DIV03,Workforce Diversity,5
R072,DIV04,Workforce Diversity,4
R072,DIV05,Workforce Diversity,3
R072,DIV06,Workforce Diversity,5
R072,DIV07,Workforce Diversity,3
R072,DIV08,Workforce Diversity,5
R072,DIV09,Workforce Diversity,3
R072,INC01,Inclusion Practices,4
R072,INC02,Inclusion Practices,5
R072,INC03,Inclusion Practices,4
R072,INC04,Inclusion Practices,5
R072,INC05,Inclusion Practices,5
R072,INC06,Inclusion Practices,5
R072,INC07,Inclusion Practices,4
R072,INC08,Inclusion Practices,4
R072,INC09,Inclusion Practices,5
R072,INC10,Inclusion Practices,4
R072,PERF01,Organizational Performance,4
R072,PERF02,Organizational Performance,5
R072,PERF03,Organizational Performance,4
R072,PERF04,Organizational Performance,5
R072,PERF05,Organizational Performance,5
R072,PERF06,Organizational Performance,4
R072,PERF07,Organizational Performance,5
R072,PERF08,Organizational Performance,4
R072,PERF09,Organizational Performance,4
R072,PERF10,Organizational Performance,5
R072,PERF11,Organizational Performance,4
R072,REL01,Relationship Assessment,5
R072,REL02,Relationship Assessment,2
R072,REL03,Relationship Assessment,4
R072,REL04,Relationship Assessment,4
R072,REL05,Relationship Assessment,4
R072,REL06,Relationship Assessment,5
R072,REL07,Relationship Assessment,4
R073,DIV01,Workforce Diversity,4
R073,DIV02,Workforce Diversity,5
R073,DIV03,Workforce Diversity,4
R073,DIV04,Workforce Diversity,5
R073,DIV05,Workforce Diversity,4
R073,DIV06,Workforce Diversity,4
R073,DIV07,Workforce Diversity,4
R073,DIV08,Workforce Diversity,5
R073,DIV09,Workforce Diversity,4
R073,INC01,Inclusion Practices,4
R073,INC02,Inclusion Practices,4
R073,INC03,Inclusion Practices,5
R073,INC04,Inclusion Practices,4
R073,INC05,Inclusion Practices,3
R073,INC06,Inclusion Practices,5
R073,INC07,Inclusion Practices,5
R073,INC08,Inclusion Practices,5
R073,INC09,Inclusion Practices,4
R073,INC10,Inclusion Practices,4
R073,PERF01,Organizational Performance,4
R073,PERF02,Organizational Performance,5
R073,PERF03,Organizational Performance,4
R073,PERF04,Organizational Performance,4
R073,PERF05,Organizational Performance,4
R073,PERF06,Organizational Performance,2
R073,PERF07,Organizational Performance,5
R073,PERF08,Organizational Performance,4
R073,PERF09,Organizational Performance,4
R073,PERF10,Organizational Performance,4
R073,PERF11,Organizational Performance,4
R073,REL01,Relationship Assessment,4
R073,REL02,Relationship Assessment,2
R073,REL03,Relationship Assessment,5
R073,REL04,Relationship Assessment,5
R073,REL05,Relationship Assessment,4
R073,REL06,Relationship Assessment,4
R073,REL07,Relationship Assessment,5
R074,DIV01,Workforce Diversity,4
R074,DIV02,Workforce Diversity,5
R074,DIV03,Workforce Diversity,4
R074,DIV04,Workforce Diversity,3
R074,DIV05,Workforce Diversity,4
R074,DIV06,Workforce Diversity,4
R074,DIV07,Workforce Diversity,5
R074,DIV08,Workforce Diversity,4
R074,DIV09,Workforce Diversity,4
R074,INC01,Inclusion Practices,1
R074,INC02,Inclusion Practices,4
R074,INC03,Inclusion Practices,4
R074,INC04,Inclusion Practices,4
R074,INC05,Inclusion Practices,4
R074,INC06,Inclusion Practices,5
R074,INC07,Inclusion Practices,4
R074,INC08,Inclusion Practices,2
R074,INC09,Inclusion Practices,5
R074,INC10,Inclusion Practices,4
R074,PERF01,Organizational Performance,5
R074,PERF02,Organizational Performance,4
R074,PERF03,Organizational Performance,5
R074,PERF04,Organizational Performance,4
R074,PERF05,Organizational Performance,4
R074,PERF06,Organizational Performance,4
R074,PERF07,Organizational Performance,4
R074,PERF08,Organizational Performance,4
R074,PERF09,Organizational Performance,3
R074,PERF10,Organizational Performance,5
R074,PERF11,Organizational Performance,4
R074,REL01,Relationship Assessment,5
R074,REL02,Relationship Assessment,2
R074,REL03,Relationship Assessment,3
R074,REL04,Relationship Assessment,4
R074,REL05,Relationship Assessment,4
R074,REL06,Relationship Assessment,4
R074,REL07,Relationship Assessment,4
R075,DIV01,Workforce Diversity,5
R075,DIV02,Workforce Diversity,3
R075,DIV03,Workforce Diversity,4
R075,DIV04,Workforce Diversity,5
R075,DIV05,Workforce Diversity,4
R075,DIV06,Workforce Diversity,4
R075,DIV07,Workforce Diversity,4
R075,DIV08,Workforce Diversity,4
R075,DIV09,Workforce Diversity,3
R075,INC01,Inclusion Practices,4
R075,INC02,Inclusion Practices,2
R075,INC03,Inclusion Practices,4
R075,INC04,Inclusion Practices,5
R075,INC05,Inclusion Practices,3
R075,INC06,Inclusion Practices,5
R075,INC07,Inclusion Practices,4
R075,INC08,Inclusion Practices,4
R075,INC09,Inclusion Practices,3
R075,INC10,Inclusion Practices,3
R075,PERF01,Organizational Performance,4
R075,PERF02,Organizational Performance,4
R075,PERF03,Organizational Performance,5
R075,PERF04,Organizational Performance,5
R075,PERF05,Organizational Performance,4
R075,PERF06,Organizational Performance,5
R075,PERF07,Organizational Performance,4
R075,PERF08,Organizational Performance,4
R075,PERF09,Organizational Performance,2
R075,PERF10,Organizational Performance,4
R075,PERF11,Organizational Performance,4
R075,REL01,Relationship Assessment,5
R075,REL02,Relationship Assessment,3
R075,REL03,Relationship Assessment,3
R075,REL04,Relationship Assessment,4
R075,REL05,Relationship Assessment,4
R075,REL06,Relationship Assessment,4
R075,REL07,Relationship Assessment,5
